{
"type": "FeatureCollection",
"name": "north_of_central_park_geopandas",
"crs": { "type": "name", "properties": { "name": "urn:ogc:def:crs:OGC:1.3:CRS84" } },
"features": [
{ "type": "Feature", "properties": { "OBJECTID": 143, "BoroCode": 1, "BoroName": "Manhattan", "CountyFIPS": "061", "NTA2020": "MN0901", "NTAName": "Morningside Heights", "NTAAbbrev": "MrngsdHts", "NTAType": 0, "CDTA2020": "MN09", "CDTAName": "MN09 Morningside Heights-Hamilton Heights (CD 9 Equivalent)", "Shape__Area": 15922766.615186214, "Shape__Length": 17757.80735242863 }, "geometry": { "type": "MultiPolygon", "coordinates": [ [ [ [ -73.935266438514901, 40.791534037777502 ], [ -73.935191823560004, 40.791479434417298 ], [ -73.935469051558599, 40.791271926295501 ], [ -73.935540397660105, 40.791326967906002 ], [ -73.935832498669797, 40.791102979062401 ], [ -73.936025349064295, 40.790837402259299 ], [ -73.936321539603, 40.7904342316927 ], [ -73.936694453085593, 40.7899213230898 ], [ -73.937063118543705, 40.789421864033599 ], [ -73.937054476858705, 40.7894146905764 ], [ -73.937082474899498, 40.7893746695202 ], [ -73.937073893694205, 40.789354116195199 ], [ -73.937016227919898, 40.789329554988498 ], [ -73.936142163891006, 40.788957347172001 ], [ -73.936129793098104, 40.788946803819499 ], [ -73.936128323540899, 40.788935141743003 ], [ -73.936220029464806, 40.788808771806501 ], [ -73.936228943721702, 40.788803886678203 ], [ -73.936244464023801, 40.7888040478799 ], [ -73.937151085697494, 40.7891767228285 ], [ -73.937230332774305, 40.789004581769703 ], [ -73.937399317225896, 40.788629993496798 ], [ -73.937418187910694, 40.788588035160799 ], [ -73.937551322786803, 40.788292018110802 ], [ -73.937636260299598, 40.788102518356602 ], [ -73.937688125039799, 40.787981834095497 ], [ -73.937697061410503, 40.787965567033503 ], [ -73.937742652958093, 40.787862177842001 ], [ -73.937775063753506, 40.787791631538802 ], [ -73.937818658139705, 40.787696742136902 ], [ -73.937949121009396, 40.787485572839401 ], [ -73.937947339751204, 40.787477432164003 ], [ -73.937960738993894, 40.787464553335703 ], [ -73.937973249258505, 40.787440146782998 ], [ -73.938117132172906, 40.787193036103503 ], [ -73.938134993210099, 40.787174063741197 ], [ -73.938195727548703, 40.787105603626998 ], [ -73.938246630822505, 40.787049341422502 ], [ -73.938540804699201, 40.786719050239597 ], [ -73.939267858010894, 40.785897026120303 ], [ -73.939827628671395, 40.785264825325299 ], [ -73.939835971688495, 40.7852622452682 ], [ -73.939844255620798, 40.785259683272301 ], [ -73.939854107748303, 40.785252204556599 ], [ -73.939881887329193, 40.7852406484133 ], [ -73.939889952342199, 40.785231800248198 ], [ -73.939911464555607, 40.785220239656198 ], [ -73.939931175731203, 40.785210038426797 ], [ -73.939956268537301, 40.785197795686699 ], [ -73.939991211943905, 40.785178750679997 ], [ -73.940014515627894, 40.785165146690197 ], [ -73.940026164289407, 40.7851617493085 ], [ -73.940051258847106, 40.7851467871103 ], [ -73.940065589066194, 40.785139302497001 ], [ -73.940115775028502, 40.785112097514499 ], [ -73.940150904562699, 40.785095528244902 ], [ -73.940186561120797, 40.785074474920698 ], [ -73.940203733628294, 40.785067459998402 ], [ -73.940226184663103, 40.785053424145502 ], [ -73.940239389508505, 40.785045407536501 ], [ -73.940268441788902, 40.785030374302004 ], [ -73.940363525374494, 40.784980256917599 ], [ -73.940454639372305, 40.7849311459061 ], [ -73.940535203892694, 40.784887044416998 ], [ -73.940552369993, 40.784875014401699 ], [ -73.940582733933297, 40.784861981513799 ], [ -73.940591981610496, 40.784854961945001 ], [ -73.940625002512903, 40.784837923209999 ], [ -73.940675175972402, 40.784811870718201 ], [ -73.940718758726604, 40.784788813852501 ], [ -73.940722715579795, 40.784788815887701 ], [ -73.940750449177997, 40.784775790984 ], [ -73.940768940237504, 40.784765767900502 ], [ -73.940790112045306, 40.784755721565098 ], [ -73.940832313422405, 40.784735697327399 ], [ -73.941026429372002, 40.784643495232601 ], [ -73.941087169177493, 40.784617439255697 ], [ -73.941112260466994, 40.784605421416202 ], [ -73.941138668216993, 40.784591386736302 ], [ -73.941174320644194, 40.784574349689997 ], [ -73.941447552365105, 40.7844397465432 ], [ -73.941527200300698, 40.784399173650797 ], [ -73.941675974199299, 40.784322103292503 ], [ -73.941855918215893, 40.7842290193135 ], [ -73.942015749871004, 40.784145857511596 ], [ -73.942180618343201, 40.784059635986402 ], [ -73.942315321169701, 40.783989438339503 ], [ -73.942392717658507, 40.783948998745103 ], [ -73.942435943831995, 40.783926102878802 ], [ -73.942471136918996, 40.783904733498098 ], [ -73.942573687748606, 40.783832996688801 ], [ -73.942605859744404, 40.783810103458499 ], [ -73.942675230710904, 40.7837620156631 ], [ -73.942782807891604, 40.783686462593899 ], [ -73.942869270508695, 40.783626928285301 ], [ -73.942936637912098, 40.783580378560899 ], [ -73.943018063992795, 40.783523137915701 ], [ -73.943116594763794, 40.783454443069999 ], [ -73.943162851768506, 40.783420102926698 ], [ -73.943207088044602, 40.783378115409903 ], [ -73.943241290081104, 40.783336124107102 ], [ -73.943271463047594, 40.7832964270807 ], [ -73.943311706520703, 40.783241453338199 ], [ -73.943348926373105, 40.783190305379001 ], [ -73.943398223493503, 40.783117775210997 ], [ -73.943442487995299, 40.783057454479298 ], [ -73.943552871152306, 40.782911780807197 ], [ -73.943545639879204, 40.7828887961372 ], [ -73.943649668163403, 40.782664434102898 ], [ -73.9436750156339, 40.782724896008901 ], [ -73.943761485564707, 40.782837204516603 ], [ -73.943833999605303, 40.782867361775502 ], [ -73.9438946782643, 40.782895999635997 ], [ -73.943956034518607, 40.782923792460899 ], [ -73.944055827385895, 40.782972630359303 ], [ -73.944648093047206, 40.783226146144699 ], [ -73.944724078423107, 40.783255844986499 ], [ -73.9459232935058, 40.7837610712592 ], [ -73.946446406582197, 40.783981450502303 ], [ -73.947090953140005, 40.784253178252101 ], [ -73.947844894603094, 40.784572028561598 ], [ -73.9487776974523, 40.784966508464699 ], [ -73.949333141019594, 40.785201399122002 ], [ -73.950339475739696, 40.785625422624697 ], [ -73.950929562522205, 40.785873653314603 ], [ -73.951298144620793, 40.786028347522503 ], [ -73.952230911782806, 40.7864198229327 ], [ -73.952465736838803, 40.786518704132597 ], [ -73.952552891214495, 40.786556853378798 ], [ -73.952662803182406, 40.786603292848604 ], [ -73.953417903727299, 40.786920843896702 ], [ -73.953714886870898, 40.7870458582981 ], [ -73.954166206346102, 40.787235836369099 ], [ -73.955778796102706, 40.787922197341402 ], [ -73.955283771670096, 40.788592728507098 ], [ -73.955105606964196, 40.788830344824703 ], [ -73.954818674255506, 40.7892130175264 ], [ -73.954400628563803, 40.789783181950497 ], [ -73.953890607339005, 40.7904787724936 ], [ -73.953438275033704, 40.791093414944598 ], [ -73.953161886304997, 40.791475155543701 ], [ -73.953099712410094, 40.791561026588802 ], [ -73.952978842510305, 40.791727966881403 ], [ -73.952523663254496, 40.792355896077403 ], [ -73.952072706886199, 40.792989445975103 ], [ -73.951604090297494, 40.793616080247297 ], [ -73.951112459594896, 40.794293310104798 ], [ -73.950630290514894, 40.794967865805603 ], [ -73.950159647914802, 40.795596006072998 ], [ -73.949688265497102, 40.796225260089102 ], [ -73.949424313627404, 40.796614658954397 ], [ -73.949234706251502, 40.796880274757697 ], [ -73.949749166449294, 40.797105276479499 ], [ -73.950943719513603, 40.7976113926061 ], [ -73.952375627142104, 40.798218046251499 ], [ -73.952462365058295, 40.798250769017699 ], [ -73.952533304111896, 40.7982780177026 ], [ -73.952768706433304, 40.798380367093401 ], [ -73.955224402941099, 40.799414921755698 ], [ -73.955259074003905, 40.799429474034 ], [ -73.955305077394002, 40.799448776341599 ], [ -73.955367954413305, 40.799474701561202 ], [ -73.957866431366199, 40.8005235482036 ], [ -73.958174408893896, 40.800590816721403 ], [ -73.958482553381998, 40.8006787533593 ], [ -73.958835252641506, 40.800825779887099 ], [ -73.959648293255199, 40.801164699083898 ], [ -73.961079378881607, 40.8018086331207 ], [ -73.9638627033966, 40.8029803138853 ], [ -73.9643442174782, 40.803182836959301 ], [ -73.965427846694695, 40.803638593883797 ], [ -73.965566427459194, 40.8036968768576 ], [ -73.966036456405007, 40.8038947742658 ], [ -73.966176392399902, 40.803953780442299 ], [ -73.966598945859701, 40.804131952822601 ], [ -73.966702510370695, 40.804176752603297 ], [ -73.966804714735702, 40.8042158367914 ], [ -73.968049935201606, 40.804691975853203 ], [ -73.968496509344206, 40.804840546117397 ], [ -73.968560576284005, 40.804861859855201 ], [ -73.968608515520899, 40.8048792256346 ], [ -73.969788662558898, 40.805308773163802 ], [ -73.970694707569294, 40.805638544763603 ], [ -73.9707650665286, 40.8056656486945 ], [ -73.9708429270962, 40.805693619577397 ], [ -73.970989122972298, 40.805751178752701 ], [ -73.971109101501497, 40.805798415505301 ], [ -73.970466564267198, 40.806632593626603 ], [ -73.970215450753997, 40.8069439822373 ], [ -73.9698843488287, 40.807373064660702 ], [ -73.969774332089798, 40.8075335583559 ], [ -73.969560790577802, 40.807803777274003 ], [ -73.969113178156405, 40.8084146464792 ], [ -73.969092474936701, 40.808438440991402 ], [ -73.968918227289507, 40.808639057020699 ], [ -73.968853628889093, 40.808760262601403 ], [ -73.968664090037294, 40.808971569213 ], [ -73.968558920073093, 40.809081170380999 ], [ -73.968545648698907, 40.8091533864647 ], [ -73.968464928462396, 40.809326990631298 ], [ -73.968426177408205, 40.809402336960403 ], [ -73.968240969616005, 40.809670961083398 ], [ -73.968154817394094, 40.809774158118401 ], [ -73.968118192451001, 40.809815112959399 ], [ -73.968133308198603, 40.809852765950801 ], [ -73.967962095349904, 40.810108286348402 ], [ -73.967884567189003, 40.810209841483903 ], [ -73.967882433955594, 40.810252424137197 ], [ -73.967796290539894, 40.810375273711202 ], [ -73.967723043128103, 40.810442437966401 ], [ -73.967705832696595, 40.810496476750998 ], [ -73.967669231574604, 40.810558722822996 ], [ -73.967621830398699, 40.8105931272829 ], [ -73.967621856381598, 40.810638977934801 ], [ -73.967545414844693, 40.810781476652103 ], [ -73.967403295232799, 40.8110304323788 ], [ -73.967131929630298, 40.811395697136497 ], [ -73.967042553826701, 40.811528376718499 ], [ -73.967003763453604, 40.8115562251282 ], [ -73.966924097080593, 40.811698723662801 ], [ -73.966883192137601, 40.811782253575203 ], [ -73.966750749838198, 40.811990262204098 ], [ -73.966634449532705, 40.812162247515403 ], [ -73.966531065125196, 40.812293292783998 ], [ -73.966393219082505, 40.8124816504628 ], [ -73.9662790690153, 40.812647089337503 ], [ -73.966159534059102, 40.812823980167302 ], [ -73.966107837200894, 40.812871484323402 ], [ -73.965883851205902, 40.813208903809503 ], [ -73.965793391480005, 40.813336659189098 ], [ -73.965659843313702, 40.813507009019503 ], [ -73.965491191791799, 40.813755349949403 ], [ -73.965490765910801, 40.8137559718405 ], [ -73.965348507145094, 40.8139479295209 ], [ -73.965109284246395, 40.814283753727999 ], [ -73.965096560633995, 40.814327849863901 ], [ -73.964326275309901, 40.815521014978302 ], [ -73.964142270235996, 40.815779935478602 ], [ -73.963405392195398, 40.816692475666699 ], [ -73.963128465137999, 40.816963373628099 ], [ -73.963086738030896, 40.817014391736301 ], [ -73.962720574915295, 40.817376769144097 ], [ -73.962032498777603, 40.818094609530498 ], [ -73.961880611132699, 40.818266842680302 ], [ -73.961319772444099, 40.818902802291703 ], [ -73.9609503389851, 40.819319567701498 ], [ -73.960448725339305, 40.819885435747999 ], [ -73.960000362599501, 40.820391223873898 ], [ -73.959816066987401, 40.8203061537628 ], [ -73.959392128119205, 40.820863457541101 ], [ -73.959327102776697, 40.820954555458798 ], [ -73.959284446586807, 40.821003253630003 ], [ -73.959132055881895, 40.821177233030497 ], [ -73.959209117195101, 40.821216188610101 ], [ -73.9592639941594, 40.8212439346227 ], [ -73.959304076118798, 40.821198176776797 ], [ -73.959427683671905, 40.821260660999599 ], [ -73.959148297257201, 40.8215796078848 ], [ -73.959034381622999, 40.821522025555097 ], [ -73.959236112055606, 40.821286104543802 ], [ -73.959178568037999, 40.821257709254901 ], [ -73.959091042465602, 40.821214526320396 ], [ -73.958820362336994, 40.821526804181801 ], [ -73.958943169456603, 40.821577643350203 ], [ -73.958855479871701, 40.821683029611499 ], [ -73.958746676595794, 40.821813791367298 ], [ -73.958965041041793, 40.822382073639197 ], [ -73.959001623008206, 40.822418007877197 ], [ -73.959114480389303, 40.822463244153298 ], [ -73.959231202310093, 40.822295189603103 ], [ -73.959911434854703, 40.822579399324397 ], [ -73.959604764941005, 40.823002966379299 ], [ -73.958927587286993, 40.822720035005801 ], [ -73.959050973450204, 40.822549614895102 ], [ -73.958918657691896, 40.822494330892098 ], [ -73.9588688944023, 40.822458518743503 ], [ -73.958839938689593, 40.822413321585501 ], [ -73.958652700086802, 40.821926715992397 ], [ -73.958647291441594, 40.821912649048201 ], [ -73.958528755165901, 40.821852036060903 ], [ -73.958201633385301, 40.822291416424299 ], [ -73.958169493481506, 40.822466380532703 ], [ -73.958132072893605, 40.8225393705155 ], [ -73.958076119263694, 40.822619638039598 ], [ -73.957940488882599, 40.822782633158702 ], [ -73.958229821721403, 40.822896146724297 ], [ -73.958207835277094, 40.822930411543098 ], [ -73.958144567563807, 40.8230290019238 ], [ -73.959166026548701, 40.823460075184101 ], [ -73.959183400607898, 40.823467402647204 ], [ -73.959439907764207, 40.823570672005701 ], [ -73.959465982220607, 40.823579415385197 ], [ -73.959484138004697, 40.823586932380003 ], [ -73.959498914449895, 40.823595096001398 ], [ -73.959505051987506, 40.823599465513901 ], [ -73.959510419736503, 40.823604068619602 ], [ -73.9595324544715, 40.823627461901197 ], [ -73.9595394426089, 40.823637613809701 ], [ -73.959544284748901, 40.823647448176601 ], [ -73.959546165883907, 40.823653221554501 ], [ -73.959546662162595, 40.823655617325201 ], [ -73.959534951408699, 40.8236932981306 ], [ -73.9595571953042, 40.8237020775031 ], [ -73.959141822308197, 40.824325870075803 ], [ -73.959017569660901, 40.824512468410902 ], [ -73.958997268268703, 40.824504707335898 ], [ -73.957438524995894, 40.826856828375 ], [ -73.957260409609205, 40.827125590357198 ], [ -73.956950103935895, 40.827008834407202 ], [ -73.956319284689499, 40.827952496067297 ], [ -73.956201984830003, 40.827909507271997 ], [ -73.956205177342596, 40.827905266773399 ], [ -73.956225383154205, 40.827878368058997 ], [ -73.955040568928197, 40.827421712531802 ], [ -73.954698805260406, 40.827926666244799 ], [ -73.954543319633402, 40.827869757090497 ], [ -73.954466138766605, 40.827982450448502 ], [ -73.954466019341197, 40.827982612899703 ], [ -73.954442639429402, 40.828014916055501 ], [ -73.954362119071703, 40.828126163796597 ], [ -73.954273648009007, 40.8282448239502 ], [ -73.954217975192606, 40.828315751679 ], [ -73.954170945365206, 40.828369150075801 ], [ -73.954137930272907, 40.828401690405798 ], [ -73.954062556937103, 40.828470413310697 ], [ -73.954034156063599, 40.828498704356399 ], [ -73.954022505671006, 40.828511261173098 ], [ -73.953987587993296, 40.8285517971294 ], [ -73.953955502942307, 40.828593639051199 ], [ -73.953592725050598, 40.829106001648697 ], [ -73.952977632272095, 40.830098484486498 ], [ -73.952187411430401, 40.831285399394297 ], [ -73.951915478969994, 40.831627998969999 ], [ -73.951810361836905, 40.831832602113401 ], [ -73.951658002027898, 40.831985276202097 ], [ -73.951554373067907, 40.832142481651999 ], [ -73.951318858635602, 40.832487854688601 ], [ -73.951193268351105, 40.832647433056103 ], [ -73.951149359891801, 40.832791874767601 ], [ -73.951053683914296, 40.8329307199729 ], [ -73.951042533763399, 40.833030770452801 ], [ -73.951009823871402, 40.833148931838799 ], [ -73.950954509021798, 40.833291861740399 ], [ -73.9508665652247, 40.833442402570697 ], [ -73.950808788091507, 40.833522431286603 ], [ -73.950728425538898, 40.833600545578797 ], [ -73.950683210568798, 40.833659613300199 ], [ -73.950570180579504, 40.8337968005523 ], [ -73.950514899371299, 40.833893985813098 ], [ -73.950484740340599, 40.833953061085403 ], [ -73.950449535484097, 40.834050253756899 ], [ -73.950419387466795, 40.834094080481698 ], [ -73.950341531604707, 40.834176007414897 ], [ -73.950286255444496, 40.834265567709402 ], [ -73.950213623616506, 40.834311402094201 ], [ -73.949890594176694, 40.835293003600597 ], [ -73.949799703008097, 40.8354981235926 ], [ -73.949786151336099, 40.835528716273103 ], [ -73.949744016806903, 40.835636370236102 ], [ -73.949740353230396, 40.835713936904298 ], [ -73.949713873738801, 40.835783272725301 ], [ -73.949694576262601, 40.835870863402299 ], [ -73.949684928020105, 40.835930165841397 ], [ -73.949690943669097, 40.8360494218676 ], [ -73.949692614359193, 40.836082559997699 ], [ -73.949687785405303, 40.836118145832302 ], [ -73.949657727092898, 40.836199222495097 ], [ -73.9496468561196, 40.836228537280597 ], [ -73.949622814376099, 40.836240386134499 ], [ -73.9496029350274, 40.836313381350699 ], [ -73.949584778606194, 40.836492220420901 ], [ -73.949547445236604, 40.836612654110702 ], [ -73.949511355556893, 40.836673772309602 ], [ -73.949458457120102, 40.8367139021056 ], [ -73.949389966960595, 40.836723904074198 ], [ -73.949329898692994, 40.836727533575498 ], [ -73.949291784439097, 40.836737575127302 ], [ -73.949284492312501, 40.836759793614 ], [ -73.949304013872407, 40.836777243793698 ], [ -73.949378571458894, 40.836788617069203 ], [ -73.949441384885503, 40.836799981966102 ], [ -73.949443738052295, 40.836800439667698 ], [ -73.9494988373024, 40.836823264141302 ], [ -73.949543543003202, 40.836887914588502 ], [ -73.949182026881005, 40.837872292989502 ], [ -73.949153779190496, 40.837941835440198 ], [ -73.949006035559094, 40.838433871517402 ], [ -73.948930349556093, 40.838651709315101 ], [ -73.948841057665803, 40.838883918921603 ], [ -73.948759074512594, 40.839028520591199 ], [ -73.948659188091, 40.839309628385301 ], [ -73.948561983012496, 40.839573168383701 ], [ -73.948497840683501, 40.839675876416898 ], [ -73.948430045698402, 40.839869137435102 ], [ -73.948335616998804, 40.840005618697901 ], [ -73.948275936683402, 40.8400718239916 ], [ -73.948234963957006, 40.840125879611499 ], [ -73.948076280261404, 40.840474542390503 ], [ -73.947968447823797, 40.840662391654398 ], [ -73.947861472186403, 40.840904296094301 ], [ -73.947763398523605, 40.841134039886299 ], [ -73.947710785737399, 40.841271890450003 ], [ -73.947607441631405, 40.841417831298301 ], [ -73.947557535790494, 40.841536951011598 ], [ -73.947490406886601, 40.841705747558002 ], [ -73.947384659117105, 40.841949109529502 ], [ -73.947275741937602, 40.8420600667231 ], [ -73.947211913085695, 40.842109410461703 ], [ -73.947169319742301, 40.842167382821103 ], [ -73.9471351172364, 40.842266907911203 ], [ -73.947121970622007, 40.842293880744798 ], [ -73.947108589252394, 40.842315071387603 ], [ -73.946961561303695, 40.842547853986197 ], [ -73.946936466100198, 40.842627481882602 ], [ -73.946870623909206, 40.842713106789098 ], [ -73.946789119562794, 40.8428234113982 ], [ -73.946756538178803, 40.842896745450403 ], [ -73.946711284985696, 40.842952408598798 ], [ -73.946617863356394, 40.843028382303402 ], [ -73.946549520161398, 40.843128265146703 ], [ -73.946460018024197, 40.843262667780103 ], [ -73.946370637256905, 40.843463064013697 ], [ -73.946314932993602, 40.843568054520397 ], [ -73.946250356498098, 40.843679488684003 ], [ -73.946199326298895, 40.843762383091502 ], [ -73.946127693076207, 40.843896852921503 ], [ -73.946125601507404, 40.8439007807102 ], [ -73.946120773070504, 40.844013021669198 ], [ -73.946098895629902, 40.844063336233098 ], [ -73.946095589014305, 40.8441056394432 ], [ -73.9461150924121, 40.844204561738898 ], [ -73.946118435495904, 40.844233249887502 ], [ -73.946094601434993, 40.844299432884903 ], [ -73.9461068150366, 40.844358006878501 ], [ -73.9460856953703, 40.844476466232102 ], [ -73.946092678090807, 40.844507085618702 ], [ -73.946080242889394, 40.844605954118201 ], [ -73.946110737148103, 40.844866859333102 ], [ -73.946124158877595, 40.844887838559302 ], [ -73.946129805706306, 40.844920091510701 ], [ -73.946148361349898, 40.844948041277704 ], [ -73.946161625260402, 40.845038129293798 ], [ -73.946162306448102, 40.845134111450598 ], [ -73.946192824674498, 40.845206256682502 ], [ -73.946207182933804, 40.8452400775247 ], [ -73.946224149072194, 40.845267450757902 ], [ -73.946212089270006, 40.845341909563402 ], [ -73.946178485850595, 40.845374199149703 ], [ -73.946173187235104, 40.845401176025199 ], [ -73.946208262140303, 40.845470030195997 ], [ -73.946232061280995, 40.845585264720498 ], [ -73.946278087027807, 40.8456989444174 ], [ -73.946309185607106, 40.845749218833802 ], [ -73.946440220067203, 40.845894206952302 ], [ -73.946467647445601, 40.845889544936497 ], [ -73.946480942655697, 40.845928062609701 ], [ -73.946446882331799, 40.845929772128599 ], [ -73.946485314403702, 40.845972971858899 ], [ -73.946518739549902, 40.846003468451201 ], [ -73.946505333393802, 40.846036483821997 ], [ -73.9464574166565, 40.846066449158101 ], [ -73.946427257055205, 40.846071623194902 ], [ -73.946349832093006, 40.8461647331943 ], [ -73.946352218004606, 40.846248615893103 ], [ -73.946404320182495, 40.846369575745399 ], [ -73.946437875720207, 40.846448204131399 ], [ -73.946474968141402, 40.846536902819203 ], [ -73.946518269631198, 40.846601424517601 ], [ -73.946642020391806, 40.846693178717302 ], [ -73.946719116449898, 40.8468330434549 ], [ -73.946791006185293, 40.847005034081498 ], [ -73.946825891138502, 40.847142546329003 ], [ -73.946810790382699, 40.847296730927297 ], [ -73.946783643151406, 40.847361673500203 ], [ -73.946750776131793, 40.847414244154699 ], [ -73.946700024742498, 40.847505678709503 ], [ -73.946687206241194, 40.847736679927003 ], [ -73.946657502049405, 40.847891605397599 ], [ -73.946642019759594, 40.847947577075999 ], [ -73.946624295052104, 40.848153804457901 ], [ -73.946621715197793, 40.848222302811102 ], [ -73.946620937704495, 40.848286710904503 ], [ -73.946645663453694, 40.848407618900602 ], [ -73.946651845380998, 40.848675889284202 ], [ -73.946679975422498, 40.848845744192701 ], [ -73.946636937885998, 40.848920710175499 ], [ -73.946652080874998, 40.849013295545099 ], [ -73.946666434025303, 40.849053979241702 ], [ -73.946707455423095, 40.849102662446001 ], [ -73.946721949566594, 40.849240068592003 ], [ -73.946734571876107, 40.849275782396198 ], [ -73.9467580020996, 40.849310952882902 ], [ -73.946813084575894, 40.849360219486798 ], [ -73.946840158217796, 40.849391106551501 ], [ -73.946856687904699, 40.849435965408396 ], [ -73.946856236343507, 40.849547756495603 ], [ -73.946883882054493, 40.849601126809198 ], [ -73.9468964958198, 40.849647738329502 ], [ -73.946902069997606, 40.849682434010703 ], [ -73.946967960292, 40.849823459815802 ], [ -73.946960667358397, 40.849857243777898 ], [ -73.946952526418002, 40.849867449755301 ], [ -73.946953659103599, 40.849898383157502 ], [ -73.946997224519507, 40.8499642095992 ], [ -73.946959582670004, 40.849993544763201 ], [ -73.946968503177104, 40.850003951236502 ], [ -73.946986603706407, 40.850002818385398 ], [ -73.947029262901097, 40.850050117135098 ], [ -73.947026799665096, 40.850070399917797 ], [ -73.947006711526498, 40.850090152602398 ], [ -73.946975909402795, 40.850098180415202 ], [ -73.946954867084301, 40.8501060205583 ], [ -73.946965482894797, 40.850119941114002 ], [ -73.946987888357597, 40.850127115722003 ], [ -73.947019254951002, 40.850135281322302 ], [ -73.947030409996501, 40.850153045276301 ], [ -73.947020647964607, 40.850203378088501 ], [ -73.947051240563994, 40.850231634585697 ], [ -73.947045430755594, 40.850263031351503 ], [ -73.947005503732498, 40.850337614079898 ], [ -73.9470060340484, 40.850352353375897 ], [ -73.947012540704407, 40.8503645780414 ], [ -73.947003112336503, 40.850394805503598 ], [ -73.9469995209883, 40.850406316235897 ], [ -73.946965854893506, 40.850473811225498 ], [ -73.946927701999599, 40.850536341089501 ], [ -73.946870434085596, 40.850597882293897 ], [ -73.946815111838504, 40.850657324626901 ], [ -73.946803634199497, 40.850669657440001 ], [ -73.946517340007503, 40.850976624602097 ], [ -73.946473072252601, 40.850993768359899 ], [ -73.946428352509898, 40.8509957391217 ], [ -73.946399369450305, 40.850989669201098 ], [ -73.946373447978004, 40.850978103544897 ], [ -73.946340191578003, 40.850956111848497 ], [ -73.946322211901204, 40.850931542196598 ], [ -73.946330318149194, 40.850912662386001 ], [ -73.946353179732299, 40.850901358818099 ], [ -73.946353624165397, 40.850878250165401 ], [ -73.946339401342598, 40.850861181451499 ], [ -73.946328735726297, 40.850854318581199 ], [ -73.946317336052005, 40.850846981611902 ], [ -73.9462986108162, 40.850841420833802 ], [ -73.946276452728299, 40.850849262678203 ], [ -73.946245184177698, 40.8508928285097 ], [ -73.946199206915793, 40.850913951724102 ], [ -73.946174482537202, 40.8509662400173 ], [ -73.946197415889301, 40.850982457606499 ], [ -73.946202220969894, 40.851039773650399 ], [ -73.946187450236394, 40.8510397552024 ], [ -73.946173543935302, 40.851060405365203 ], [ -73.946159630012701, 40.851055572018502 ], [ -73.9461484361114, 40.851039576175303 ], [ -73.946146862742097, 40.8510157514242 ], [ -73.946135360571105, 40.850992217381602 ], [ -73.946121204199201, 40.850977039677197 ], [ -73.946098139664002, 40.850974626784101 ], [ -73.946083342718495, 40.850989000420299 ], [ -73.946088896506495, 40.851016348543602 ], [ -73.946098861671402, 40.851040888018602 ], [ -73.946099569956502, 40.8510418611584 ], [ -73.946143031568795, 40.851101985026801 ], [ -73.946137974289101, 40.851163011635897 ], [ -73.946118878782897, 40.851180868092598 ], [ -73.946049240570403, 40.851196836552496 ], [ -73.945966172073099, 40.851180160417201 ], [ -73.945931695502793, 40.851198007292602 ], [ -73.945897212202496, 40.851195624689801 ], [ -73.945842365633695, 40.851177762228801 ], [ -73.945768699274694, 40.8511777512443 ], [ -73.945726377551907, 40.8512051179124 ], [ -73.945729501229096, 40.851236058789802 ], [ -73.945684056720907, 40.851234862225901 ], [ -73.945654273848902, 40.851219383438 ], [ -73.945613518371999, 40.851247938711197 ], [ -73.945557077310198, 40.8513288534011 ], [ -73.945528867799496, 40.851328848964101 ], [ -73.945521016636405, 40.851370498292702 ], [ -73.945482702020399, 40.851380143784702 ], [ -73.945450474876196, 40.851435944858302 ], [ -73.945423832929094, 40.851434752055198 ], [ -73.945397191519106, 40.851424036709702 ], [ -73.945379940049406, 40.851434743847001 ], [ -73.945390906395701, 40.851460922067503 ], [ -73.945323510875596, 40.851477574645997 ], [ -73.945314099447501, 40.851493048683501 ], [ -73.945281190073203, 40.851502563154298 ], [ -73.945254548426306, 40.851500172519501 ], [ -73.945245132700293, 40.851527544903398 ], [ -73.945274117810897, 40.851554329408899 ], [ -73.945267847472707, 40.851579314737002 ], [ -73.945197305996899, 40.851600731623897 ], [ -73.945154994040706, 40.851594770297197 ], [ -73.945067220423596, 40.851647116809502 ], [ -73.945045264466501, 40.851679243551501 ], [ -73.945007639752603, 40.851710186974202 ], [ -73.944979421355995, 40.8517399337276 ], [ -73.944933964169493, 40.851738727983701 ], [ -73.944878750094205, 40.8517621084968 ], [ -73.944778460142999, 40.851804575477097 ], [ -73.944767211484105, 40.851809338647598 ], [ -73.94471589218, 40.851823679873597 ], [ -73.944695244352303, 40.851832379521902 ], [ -73.944689091869094, 40.851844020122897 ], [ -73.944694136657304, 40.851870791617102 ], [ -73.944691220416402, 40.851885439810303 ], [ -73.944684677873298, 40.851918295729398 ], [ -73.944668649093003, 40.851929511779403 ], [ -73.944633778542993, 40.8519177828152 ], [ -73.944589893637598, 40.851935628122597 ], [ -73.944578915990405, 40.8519511013467 ], [ -73.9445052567212, 40.851965365238001 ], [ -73.944488018766506, 40.851932043900803 ], [ -73.9445046008356, 40.8519076839166 ], [ -73.944506592383703, 40.851898184284302 ], [ -73.944489056410404, 40.851897084097601 ], [ -73.9444634157922, 40.8519076766623 ], [ -73.944455118574297, 40.851905853530603 ], [ -73.944423763825696, 40.851912990509298 ], [ -73.944398690022098, 40.851901088450497 ], [ -73.944408108481298, 40.851863006363899 ], [ -73.944368935058193, 40.851833247544 ], [ -73.944326622020697, 40.851830862203997 ], [ -73.944318770622402, 40.851864179165702 ], [ -73.944292119277094, 40.851890360099901 ], [ -73.944246662169206, 40.8519284351528 ], [ -73.944212175197606, 40.851937941519701 ], [ -73.944223133682797, 40.851984359191398 ], [ -73.944198044979899, 40.852023627623403 ], [ -73.944135347462407, 40.852035515401496 ], [ -73.944072667945903, 40.852023605442703 ], [ -73.944014676613904, 40.852008129475401 ], [ -73.943992718411195, 40.852049776371999 ], [ -73.943961353591206, 40.852127127156599 ], [ -73.943882972824099, 40.852180663559302 ], [ -73.943797543004607, 40.852206238821502 ], [ -73.943602166840293, 40.852239306586803 ], [ -73.943481222409503, 40.852290168329397 ], [ -73.9430604662804, 40.852609716109001 ], [ -73.943027880540299, 40.852634463839003 ], [ -73.942799821822604, 40.852859519909799 ], [ -73.942611403557606, 40.8530762008157 ], [ -73.9424750959422, 40.853179563903097 ], [ -73.9420565791645, 40.853662393658503 ], [ -73.941871400800096, 40.8538760256939 ], [ -73.941829180777702, 40.853998246406498 ], [ -73.941732493118295, 40.8541166748523 ], [ -73.941583024474497, 40.854355430163302 ], [ -73.941538803885607, 40.854443929969797 ], [ -73.9415035683528, 40.854508413136102 ], [ -73.941499057774607, 40.854516670757 ], [ -73.941411242859502, 40.854692916913002 ], [ -73.941314547724502, 40.854803826207103 ], [ -73.941267356916399, 40.854952365270996 ], [ -73.941235099996604, 40.8550181744734 ], [ -73.941034206383705, 40.855313325203802 ], [ -73.941000726336895, 40.855366905511502 ], [ -73.941010579484598, 40.8554233262184 ], [ -73.940958481065493, 40.855528621000502 ], [ -73.940856834869805, 40.855630117407799 ], [ -73.940769984727297, 40.855816258136301 ], [ -73.940747653397295, 40.8558557335976 ], [ -73.940695630078196, 40.855861352740398 ], [ -73.940621187609196, 40.8560192874561 ], [ -73.940489748925401, 40.856212915578801 ], [ -73.940406613982503, 40.856381192573799 ], [ -73.940352000821207, 40.8565240903975 ], [ -73.940294911168095, 40.856650057505902 ], [ -73.940148612348807, 40.856841803948001 ], [ -73.940086670667299, 40.856864338195102 ], [ -73.940019706286506, 40.856958332563401 ], [ -73.939950242883597, 40.857074901199503 ], [ -73.939782898179999, 40.857243123978002 ], [ -73.939686260143802, 40.857297608032098 ], [ -73.939611846756094, 40.857404763416497 ], [ -73.939403551117394, 40.8576735850517 ], [ -73.939366324848294, 40.857748792833803 ], [ -73.939284474453601, 40.857869109913203 ], [ -73.939223755691401, 40.857901981361501 ], [ -73.939112377546905, 40.858049198388798 ], [ -73.939042662308196, 40.858210303560902 ], [ -73.938916150297402, 40.858415224664697 ], [ -73.938658241454704, 40.858742317733601 ], [ -73.938654497447502, 40.8587771009433 ], [ -73.938503183017005, 40.859019622381801 ], [ -73.938438723668597, 40.859081649509498 ], [ -73.938417869711699, 40.8591745333744 ], [ -73.938311010070507, 40.859388811061002 ], [ -73.937854801473506, 40.859838558789697 ], [ -73.9377369993569, 40.859941799820398 ], [ -73.937558778714205, 40.8600896439414 ], [ -73.937530877246701, 40.860104928902203 ], [ -73.937532098576995, 40.860120166470701 ], [ -73.937553622099898, 40.860131962207603 ], [ -73.937588598727004, 40.860157827955 ], [ -73.937581977609, 40.860211494290297 ], [ -73.937355796834794, 40.860523408998198 ], [ -73.937137210551398, 40.8607919249703 ], [ -73.937095339507593, 40.8609335307885 ], [ -73.937043666845298, 40.861065820803802 ], [ -73.936969952886102, 40.861151506869298 ], [ -73.936812405090507, 40.861266311622003 ], [ -73.936804234996899, 40.861287369503103 ], [ -73.936819950842505, 40.8613241065637 ], [ -73.936811889860294, 40.861371753952703 ], [ -73.9364770519432, 40.861934879687801 ], [ -73.935969565238096, 40.862552380549097 ], [ -73.935596043053707, 40.862973340100297 ], [ -73.934852326629198, 40.863973865404603 ], [ -73.934756842051499, 40.864104627739302 ], [ -73.934620135604504, 40.864278159582199 ], [ -73.934435903308298, 40.864512020323197 ], [ -73.934357119921202, 40.864741195705399 ], [ -73.934233075543403, 40.864822186479799 ], [ -73.934193737761206, 40.864887396202299 ], [ -73.934083173526503, 40.8649860988426 ], [ -73.934018078962694, 40.865043836999597 ], [ -73.934017919950094, 40.865204106405997 ], [ -73.933951451809094, 40.865355034981 ], [ -73.933864265904006, 40.865418334898301 ], [ -73.933790599010294, 40.865436923061203 ], [ -73.933631990299105, 40.865717308276402 ], [ -73.933573014673399, 40.8657750398107 ], [ -73.933575395823198, 40.8658495844196 ], [ -73.933494288824804, 40.865953903729 ], [ -73.933437785264601, 40.865994870909397 ], [ -73.933437723715599, 40.866056364733602 ], [ -73.933403261573602, 40.866143935784301 ], [ -73.933324610122298, 40.866246383981299 ], [ -73.933258323324793, 40.8662500735512 ], [ -73.933132936353303, 40.866434502800203 ], [ -73.933076437565106, 40.8665657077633 ], [ -73.932834928718094, 40.866990337335103 ], [ -73.932664761610496, 40.867245355622401 ], [ -73.932757920699899, 40.867272649355399 ], [ -73.932764042259905, 40.867260586741999 ], [ -73.932903153393397, 40.867301333087603 ], [ -73.932841016513905, 40.867423566125403 ], [ -73.932647130143295, 40.867366766852101 ], [ -73.932661784964296, 40.8673379505573 ], [ -73.932599382907497, 40.867319638872601 ], [ -73.932549738239302, 40.8674221227255 ], [ -73.932520318404499, 40.8674187925902 ], [ -73.932426816493702, 40.867576537179502 ], [ -73.932388056692304, 40.867702182529101 ], [ -73.9323657486499, 40.867871590325997 ], [ -73.932352215709102, 40.867987409636598 ], [ -73.932355749973496, 40.868015485044502 ], [ -73.932368902445305, 40.868045503828 ], [ -73.932374847239004, 40.868071777932798 ], [ -73.932275405627195, 40.868485441419097 ], [ -73.9322826744189, 40.868540827609301 ], [ -73.932269132612305, 40.868570608430502 ], [ -73.932324278212704, 40.868586401346199 ], [ -73.932317344481007, 40.868612432360599 ], [ -73.932447871895505, 40.868668054939697 ], [ -73.932493577415102, 40.868685808632399 ], [ -73.932495207231, 40.868683098896497 ], [ -73.932532212405505, 40.868621561372699 ], [ -73.932538341061601, 40.868611367832102 ], [ -73.932570352608806, 40.868558136683099 ], [ -73.932581139459899, 40.868540199264402 ], [ -73.932615753371707, 40.868482636808203 ], [ -73.932623549603505, 40.8684696744116 ], [ -73.932626685208305, 40.868464457399 ], [ -73.932629877961801, 40.868465563741999 ], [ -73.932652269594797, 40.868473322907498 ], [ -73.9325468996621, 40.868648548696399 ], [ -73.932551941061803, 40.868650295054799 ], [ -73.932569477092201, 40.868656373320299 ], [ -73.932524980041904, 40.868730367839198 ], [ -73.932502686063998, 40.868722642211097 ], [ -73.932507634092204, 40.868714414868997 ], [ -73.9324967632718, 40.868710239868797 ], [ -73.932353733129005, 40.868655317634001 ], [ -73.932307407155207, 40.868637528509602 ], [ -73.932299752551302, 40.868655660391497 ], [ -73.932251751898903, 40.868647798343801 ], [ -73.932255711844405, 40.868691688337698 ], [ -73.932278944894804, 40.868719446459302 ], [ -73.932288754817904, 40.868883431908898 ], [ -73.932315288868907, 40.868932009870697 ], [ -73.932361785340902, 40.868957899328898 ], [ -73.932458142444304, 40.868970562707602 ], [ -73.932538728010499, 40.8689762918901 ], [ -73.932570389299698, 40.868987692742898 ], [ -73.932569386174194, 40.869052681015503 ], [ -73.932506132491795, 40.869137848225698 ], [ -73.932391602473302, 40.869195592685799 ], [ -73.932294711295498, 40.869207791523799 ], [ -73.932190472634403, 40.869375266006998 ], [ -73.932470265169002, 40.869484389016399 ], [ -73.932355142522795, 40.8697635449846 ], [ -73.932267250790403, 40.8697430613271 ], [ -73.932360779096797, 40.869515652858802 ], [ -73.932134800389207, 40.869424265070499 ], [ -73.932111405422006, 40.869485538743902 ], [ -73.932078560542806, 40.869550973816203 ], [ -73.932060517208598, 40.869591106551397 ], [ -73.932054872821496, 40.869609040412698 ], [ -73.932051456043197, 40.869650036459198 ], [ -73.932068556473098, 40.869707717473503 ], [ -73.932097095396699, 40.869767940843097 ], [ -73.932181194644002, 40.869830656107503 ], [ -73.932199985557105, 40.869853160454397 ], [ -73.9322074397422, 40.870104734864199 ], [ -73.932124719685802, 40.870387232923001 ], [ -73.932048839216307, 40.870591193827003 ], [ -73.932033003674704, 40.870765492429697 ], [ -73.931915205760902, 40.8711377836945 ], [ -73.931785835612004, 40.871342712940098 ], [ -73.931602930193506, 40.871592165541401 ], [ -73.931469645684302, 40.871806006324398 ], [ -73.931377993269606, 40.8721169175424 ], [ -73.931222509834896, 40.872343613087402 ], [ -73.931063976209501, 40.872675096830498 ], [ -73.930846548501805, 40.872895460660303 ], [ -73.930685252303604, 40.873165167311299 ], [ -73.929978301398705, 40.874347252996799 ], [ -73.929863584561005, 40.874426732211099 ], [ -73.929320622008603, 40.875302729436903 ], [ -73.929181116345504, 40.875563839898298 ], [ -73.929014891841504, 40.875746951063597 ], [ -73.928591459958, 40.876104301353102 ], [ -73.928331203246799, 40.8763617602023 ], [ -73.928147669549006, 40.876530820100903 ], [ -73.928037819249099, 40.876590733678398 ], [ -73.927967379896003, 40.876625976558401 ], [ -73.927532254602298, 40.876718826028302 ], [ -73.926900838179705, 40.877224925770903 ], [ -73.926609677423102, 40.877515922615103 ], [ -73.926532395844205, 40.8775919827008 ], [ -73.926483290230706, 40.877626494447199 ], [ -73.926417347572496, 40.877618339130798 ], [ -73.926407002233205, 40.877629767969999 ], [ -73.9263522356853, 40.877600611891502 ], [ -73.926298242909596, 40.877573319301099 ], [ -73.926311450379799, 40.877558925304299 ], [ -73.926298868863299, 40.877531880946997 ], [ -73.926297745496598, 40.8774923906116 ], [ -73.926315449124104, 40.877455247001599 ], [ -73.926349600096302, 40.877425442750202 ], [ -73.926395608021807, 40.877406983970197 ], [ -73.926422572286597, 40.877375257008303 ], [ -73.926442483704406, 40.877340658324698 ], [ -73.926454826797396, 40.877304083649101 ], [ -73.926459282026897, 40.877266479866101 ], [ -73.926438774234299, 40.877221888136901 ], [ -73.926408119955994, 40.877180786456499 ], [ -73.9263683016557, 40.877144492101898 ], [ -73.926320595490395, 40.877114168276897 ], [ -73.926266530410302, 40.877090786833698 ], [ -73.9262078391573, 40.877075097125903 ], [ -73.926146402733096, 40.877067601994099 ], [ -73.926084190116299, 40.877068541649898 ], [ -73.925963670098199, 40.877062975322197 ], [ -73.925843002902795, 40.877066220758799 ], [ -73.925723304207693, 40.877078247952603 ], [ -73.925605680736695, 40.877098945701199 ], [ -73.925491220028903, 40.8771281226349 ], [ -73.925380980384205, 40.877165508985797 ], [ -73.925275981079594, 40.877210759081898 ], [ -73.925177192945796, 40.877263454542501 ], [ -73.925158935064701, 40.877319023729001 ], [ -73.925127532709396, 40.877365595823697 ], [ -73.925083589597406, 40.877405902051002 ], [ -73.925074670376105, 40.877401768836201 ], [ -73.925028243369795, 40.877380253729697 ], [ -73.924930724630997, 40.877411097705803 ], [ -73.924828629874099, 40.877431715860197 ], [ -73.924722002293095, 40.877441812186099 ], [ -73.924614557270701, 40.8774407535413 ], [ -73.924508310902695, 40.877428559789998 ], [ -73.924405256791601, 40.877405459735499 ], [ -73.924006482333894, 40.877325734114301 ], [ -73.923862909827704, 40.877278355528802 ], [ -73.923799789053206, 40.877267850109199 ], [ -73.923735178920197, 40.877268724110401 ], [ -73.923672591405506, 40.877280930024703 ], [ -73.923615428546498, 40.877303804381803 ], [ -73.923549665761698, 40.877309671207598 ], [ -73.923296199342502, 40.877272726429403 ], [ -73.923188015347506, 40.877225036812398 ], [ -73.923153207469994, 40.877209692681902 ], [ -73.923124346400598, 40.877196969374801 ], [ -73.923100328569006, 40.877175059493098 ], [ -73.923074409607395, 40.877150458091499 ], [ -73.923000420292496, 40.877108870484399 ], [ -73.922999045490798, 40.877104503422103 ], [ -73.922970581774294, 40.877067770815401 ], [ -73.922925183907395, 40.877042677597302 ], [ -73.922906548781398, 40.877034669290403 ], [ -73.922861360396297, 40.877020813612198 ], [ -73.922832906128406, 40.8770142605335 ], [ -73.922811946363694, 40.8770132490869 ], [ -73.922804543366993, 40.877021664330798 ], [ -73.922795902951904, 40.877013089092998 ], [ -73.922808781981402, 40.876998707839597 ], [ -73.922813897430203, 40.876987373992002 ], [ -73.922795538669902, 40.876984297051401 ], [ -73.922776957219995, 40.876979888655598 ], [ -73.922753026661098, 40.876962053582098 ], [ -73.922716494590404, 40.876940108941596 ], [ -73.922672535193698, 40.876928157572998 ], [ -73.922645205476996, 40.876924644231302 ], [ -73.922623655095805, 40.876940355144598 ], [ -73.922620990793305, 40.876925318024902 ], [ -73.922610449500397, 40.876922786389102 ], [ -73.922597400567298, 40.876929525119301 ], [ -73.922586588018902, 40.876922071481303 ], [ -73.922581672474195, 40.876914468682401 ], [ -73.922585279007905, 40.876904633663699 ], [ -73.9225786270366, 40.876903968826902 ], [ -73.922583230477301, 40.8768863811895 ], [ -73.922592918956894, 40.876874123850698 ], [ -73.922569982750005, 40.876865210159302 ], [ -73.922539293806594, 40.876879601882301 ], [ -73.922493778082099, 40.876857220272498 ], [ -73.922478322525293, 40.8768403359961 ], [ -73.922424831936596, 40.876809756637101 ], [ -73.922418515629801, 40.876794182827403 ], [ -73.922399113378603, 40.876788514550398 ], [ -73.922388978097999, 40.876771523106498 ], [ -73.922378124834594, 40.8767672263875 ], [ -73.922377753644795, 40.876756229274697 ], [ -73.922377468243198, 40.876517378620001 ], [ -73.922388200837901, 40.876278666821399 ], [ -73.922409938148903, 40.876040386609397 ], [ -73.9224426534022, 40.875802830182003 ], [ -73.922441643389107, 40.875738558857101 ], [ -73.922451197063495, 40.8756746933391 ], [ -73.922471165339303, 40.875612230055602 ], [ -73.922501236644095, 40.875552143554302 ], [ -73.922579805847406, 40.875373990120302 ], [ -73.922635549307302, 40.875190946409099 ], [ -73.922667955354299, 40.875004693203302 ], [ -73.922676726621901, 40.8748169407422 ], [ -73.922661782770106, 40.874629413017303 ], [ -73.922623261215406, 40.874443831942301 ], [ -73.9225615158621, 40.874261901542397 ], [ -73.922477113845602, 40.874085292308003 ], [ -73.922370830318201, 40.873915625857798 ], [ -73.922243641326105, 40.873754460049902 ], [ -73.922096714842297, 40.873603274679603 ], [ -73.921931400038801, 40.873463457894097 ], [ -73.921749214895598, 40.873336293448801 ], [ -73.921551832261997, 40.873222948921899 ], [ -73.921341064496204, 40.873124464996899 ], [ -73.921118846826303, 40.8730417459088 ], [ -73.9210756173633, 40.873045044926798 ], [ -73.921032395801703, 40.873041686785101 ], [ -73.920960174168997, 40.873023248615503 ], [ -73.920885338079898, 40.873012365999102 ], [ -73.9208092526532, 40.873009237450802 ], [ -73.920733305796105, 40.873013920039497 ], [ -73.920722134886105, 40.873022659358597 ], [ -73.920706244777406, 40.873024330249898 ], [ -73.920690743655598, 40.873020131191403 ], [ -73.920685020690399, 40.873012686395299 ], [ -73.920660644069102, 40.8730139392948 ], [ -73.920639307245693, 40.873007080979903 ], [ -73.920605325275801, 40.872999376347899 ], [ -73.920571153738294, 40.8730034961767 ], [ -73.920557451930506, 40.873007064698598 ], [ -73.920526961695401, 40.873025280579398 ], [ -73.920491626851202, 40.873040486581601 ], [ -73.920459272870602, 40.8730527621398 ], [ -73.920426965449195, 40.873062820556001 ], [ -73.920388662257906, 40.873080956967499 ], [ -73.920358339276703, 40.873088076539602 ], [ -73.920329926137399, 40.873098171120603 ], [ -73.9203033541895, 40.873114196605201 ], [ -73.920293736513102, 40.873106707386803 ], [ -73.920277771303702, 40.873114269062398 ], [ -73.920259110591303, 40.873129516664797 ], [ -73.920225260964898, 40.873158096291199 ], [ -73.920195701573206, 40.873174191553098 ], [ -73.920169897930904, 40.873176686716803 ], [ -73.920152218877902, 40.873190417726299 ], [ -73.920135487798106, 40.873201125266498 ], [ -73.920126791441305, 40.873217039112603 ], [ -73.920105118230097, 40.873230051525198 ], [ -73.920086435446606, 40.873243036855499 ], [ -73.920064865759699, 40.873262078312202 ], [ -73.920051397917405, 40.873291620014598 ], [ -73.920020206250499, 40.873331868048098 ], [ -73.919991845967701, 40.873362284277 ], [ -73.919982817264398, 40.873389139803997 ], [ -73.919973139801002, 40.873406569039602 ], [ -73.919959408987495, 40.873418004343399 ], [ -73.919957035577397, 40.873458755981197 ], [ -73.919968287550105, 40.873479782039297 ], [ -73.919961577612, 40.873495678487203 ], [ -73.919962957659905, 40.8735213121155 ], [ -73.919967226830593, 40.873540891963799 ], [ -73.919953439600405, 40.873549302602399 ], [ -73.919950677082596, 40.873563666943099 ], [ -73.919946055368996, 40.873586329410898 ], [ -73.919930339977697, 40.873598535111903 ], [ -73.919928422397703, 40.873603083366902 ], [ -73.919913529042603, 40.8736039667669 ], [ -73.919906793944094, 40.873619110010999 ], [ -73.919874952242594, 40.873616372362498 ], [ -73.919830282978694, 40.873619022878401 ], [ -73.919794447380895, 40.873614803038798 ], [ -73.919794207149806, 40.873654601944402 ], [ -73.919833729819601, 40.873660741309102 ], [ -73.919873311478497, 40.873657127186299 ], [ -73.919901009514504, 40.873657223809502 ], [ -73.919926688272895, 40.873662564667903 ], [ -73.919943411416995, 40.873677636908702 ], [ -73.919959178661799, 40.873687454130199 ], [ -73.919955094759402, 40.873709215027802 ], [ -73.919950024599999, 40.8737302140173 ], [ -73.919955905658398, 40.873738496070303 ], [ -73.919960774228997, 40.873752776748702 ], [ -73.919963670753006, 40.873764050196897 ], [ -73.919968509673097, 40.873781331858503 ], [ -73.919975278360099, 40.873806132110502 ], [ -73.919983066080803, 40.873827935414802 ], [ -73.919976076398697, 40.873837672021303 ], [ -73.919986870402795, 40.873852724229103 ], [ -73.920000218233298, 40.873853896091198 ], [ -73.920131302548199, 40.873931682134597 ], [ -73.920146247605103, 40.873913717443898 ], [ -73.920171872846794, 40.873928071274001 ], [ -73.920156925590007, 40.8739460331185 ], [ -73.920197346268694, 40.873969450279702 ], [ -73.920215252589301, 40.873952246841299 ], [ -73.920242825615802, 40.873971109371503 ], [ -73.920223939666201, 40.873986807446798 ], [ -73.920292947214804, 40.874024586966698 ], [ -73.920353078961597, 40.874059334689903 ], [ -73.920407276289296, 40.874092560867098 ], [ -73.920442746519697, 40.874115200571701 ], [ -73.920475206534405, 40.874145350249798 ], [ -73.9205012844116, 40.874168341292403 ], [ -73.920545875923295, 40.874153473358497 ], [ -73.920578303689197, 40.8741888741556 ], [ -73.920607821332197, 40.874215254014999 ], [ -73.920628422619401, 40.874243102103101 ], [ -73.920771098146403, 40.8741856768236 ], [ -73.920789045626805, 40.874187202042201 ], [ -73.9208039873199, 40.874202349827002 ], [ -73.920808944088407, 40.874223551064198 ], [ -73.920662275268697, 40.874287033950701 ], [ -73.920671233993403, 40.874305202766202 ], [ -73.920687157928796, 40.874331706105302 ], [ -73.920698090179997, 40.874356692443499 ], [ -73.920712505122495, 40.874395684740897 ], [ -73.920701536985405, 40.874400224611897 ], [ -73.920717476721194, 40.8744146160574 ], [ -73.920726415451796, 40.874438845829999 ], [ -73.920744339547795, 40.8744600465945 ], [ -73.920759282193302, 40.874474438019398 ], [ -73.920756265315305, 40.874497902544199 ], [ -73.920768208729797, 40.874519107909201 ], [ -73.920782136035996, 40.874539549557902 ], [ -73.920783123447407, 40.874547879805199 ], [ -73.920794087979701, 40.8745554605348 ], [ -73.920790082134303, 40.874571351177501 ], [ -73.920805025716405, 40.874584985561199 ], [ -73.920801010637504, 40.874599364471997 ], [ -73.920810975362699, 40.874609213777802 ], [ -73.920817935873799, 40.874622085646102 ], [ -73.920817926865297, 40.8746296506351 ], [ -73.920830885205604, 40.874637232059001 ], [ -73.920843833457397, 40.874651622104203 ], [ -73.920840833721698, 40.874660705478902 ], [ -73.920844805340295, 40.874672819432298 ], [ -73.920853786905894, 40.8746720697293 ], [ -73.920870226665002, 40.874684571000799 ], [ -73.920884163285905, 40.8746966830738 ], [ -73.920888142101305, 40.874712587904199 ], [ -73.920893105006897, 40.874729241733398 ], [ -73.920907046571102, 40.874747414112001 ], [ -73.920920994677203, 40.8747595354019 ], [ -73.920923971880697, 40.874770135772501 ], [ -73.920915966265397, 40.8747883018209 ], [ -73.920916941118307, 40.874806466316898 ], [ -73.920924922664895, 40.874807984181999 ], [ -73.920928893390794, 40.874821611532496 ], [ -73.920939849228901, 40.8748359995312 ], [ -73.920948800224096, 40.874851142688598 ], [ -73.920973738819896, 40.874849646869798 ], [ -73.920988671042807, 40.874872367825702 ], [ -73.920988650359007, 40.874889774603702 ], [ -73.921001589210903, 40.8749034157971 ], [ -73.921017536786493, 40.874910991707203 ], [ -73.921033454044306, 40.874942798762902 ], [ -73.921056368067596, 40.874968550297503 ], [ -73.921082766461396, 40.874986352907897 ], [ -73.921115632771105, 40.875021953702799 ], [ -73.9211415250264, 40.875056783976198 ], [ -73.921157434489004, 40.875085565881797 ], [ -73.921168388157, 40.875102979653398 ], [ -73.921176358076707, 40.875114340462503 ], [ -73.921176344615603, 40.875125695818603 ], [ -73.921183296285193, 40.875146131981801 ], [ -73.921171319649503, 40.875152184106597 ], [ -73.921171308888802, 40.875161260819397 ], [ -73.921174279875203, 40.875176409757401 ], [ -73.921170284620302, 40.875183970850202 ], [ -73.921171272987394, 40.875191544058303 ], [ -73.921159307843297, 40.875196830945399 ], [ -73.921161291345797, 40.875204406005999 ], [ -73.921145326625293, 40.875211958418099 ], [ -73.921147316170305, 40.875214995458002 ], [ -73.921135341573802, 40.8752180124023 ], [ -73.921133335608602, 40.875230122259502 ], [ -73.921128337370803, 40.8752429871072 ], [ -73.921112375799098, 40.8752467583598 ], [ -73.9211053720217, 40.875261134063798 ], [ -73.921114334822903, 40.8752755213523 ], [ -73.921108345264997, 40.875284602689199 ], [ -73.921106341557405, 40.875293687923303 ], [ -73.921081395395703, 40.875301234688799 ], [ -73.921063426932903, 40.8753171251713 ], [ -73.921058432262996, 40.875327711373103 ], [ -73.921037453259103, 40.875351919979103 ], [ -73.921025466476607, 40.875376135405098 ], [ -73.921012488843999, 40.875385211954701 ], [ -73.920991539725804, 40.875393526680398 ], [ -73.920979552240595, 40.875408655999898 ], [ -73.920970561584397, 40.875426813167003 ], [ -73.920956584787703, 40.875437401924302 ], [ -73.920931639189504, 40.8754457144043 ], [ -73.920930631709595, 40.8754547904338 ], [ -73.920919661596599, 40.875461599587098 ], [ -73.920914652960803, 40.875472951519598 ], [ -73.920904686280394, 40.8754744575876 ], [ -73.920895715635695, 40.875466122373801 ], [ -73.920877023113803, 40.875472241228898 ], [ -73.920807527536297, 40.875485783680801 ], [ -73.9207630584622, 40.875466287177296 ], [ -73.920722409121296, 40.875442508382697 ], [ -73.920653609473902, 40.875409209167898 ], [ -73.920609818441903, 40.875394928558201 ], [ -73.920569141047906, 40.875394900568701 ], [ -73.920484708066496, 40.875352089939298 ], [ -73.920387746778601, 40.875318772331298 ], [ -73.920297046843302, 40.875283082487499 ], [ -73.9202626756814, 40.875242682065803 ], [ -73.920218894717095, 40.875221275564499 ], [ -73.920128197416403, 40.875183210953502 ], [ -73.920053143237496, 40.875147532246601 ], [ -73.919978079459895, 40.8751189794014 ], [ -73.919953044802298, 40.875121336675697 ], [ -73.919881075839996, 40.8751212867353 ], [ -73.919818518811795, 40.875102242350899 ], [ -73.919743478120793, 40.875054687759899 ], [ -73.919699711788397, 40.875021405882002 ], [ -73.919665312429601, 40.875004756308599 ], [ -73.919627767225606, 40.8750023548615 ], [ -73.919596508020305, 40.874976206901103 ], [ -73.919562094344499, 40.874971432978498 ], [ -73.919518296535301, 40.874964277196 ], [ -73.919405713946702, 40.874911946255402 ], [ -73.919258721488603, 40.874852465385302 ], [ -73.919180521757198, 40.874831034905498 ], [ -73.919133594790196, 40.874823876282697 ], [ -73.919099203682293, 40.8748001012979 ], [ -73.919002253236002, 40.874759656611097 ], [ -73.918945980108901, 40.874719239916203 ], [ -73.918876689400193, 40.874687287515201 ], [ -73.918850239626707, 40.874626267496502 ], [ -73.918885209230396, 40.874565190310598 ], [ -73.918943093366394, 40.8745197282649 ], [ -73.918999506082798, 40.874446140420801 ], [ -73.919037080311995, 40.874424790037203 ], [ -73.919065284486706, 40.874389183076602 ], [ -73.919090354905507, 40.8743583240215 ], [ -73.919087254756704, 40.874334571467003 ], [ -73.919106068836697, 40.874301333218099 ], [ -73.919115527985795, 40.874241961046899 ], [ -73.919149991227997, 40.874206359121203 ], [ -73.919178200140806, 40.874166001690099 ], [ -73.919190737168606, 40.874149385336203 ], [ -73.919197066962994, 40.874090010965503 ], [ -73.919197165093394, 40.874009257824802 ], [ -73.919212910593203, 40.873926140331299 ], [ -73.919253689580401, 40.873843039179803 ], [ -73.919260053895499, 40.873755164500501 ], [ -73.919247640987905, 40.873669651485699 ], [ -73.919275813673593, 40.8736601713101 ], [ -73.919241441086399, 40.873622145876801 ], [ -73.919222669663299, 40.873619756930204 ], [ -73.919185140572793, 40.873605480157202 ], [ -73.919153904417399, 40.873560331141803 ], [ -73.919100793008894, 40.873493790534098 ], [ -73.919053931484797, 40.873434380037097 ], [ -73.919000802255397, 40.873382090371003 ], [ -73.918929942666907, 40.873324801070403 ], [ -73.918917243549998, 40.8733327045883 ], [ -73.918898560287403, 40.873335192911199 ], [ -73.918883910170294, 40.873335182614802 ], [ -73.918872921454707, 40.873336008819201 ], [ -73.918865587591299, 40.873342677103899 ], [ -73.918861551017599, 40.873349068278301 ], [ -73.918849826541404, 40.873352395917102 ], [ -73.918839934639493, 40.873354334906402 ], [ -73.918830778834902, 40.873353494705803 ], [ -73.918822720611601, 40.873354045046099 ], [ -73.918812827588198, 40.8733565402081 ], [ -73.918801106502897, 40.87335708797 ], [ -73.918789022222796, 40.873355411274297 ], [ -73.918777304990698, 40.873352623823997 ], [ -73.918767422835202, 40.873346221683398 ], [ -73.9187597430914, 40.873336485209698 ], [ -73.918749132139993, 40.873328693287398 ], [ -73.918738879798696, 40.873325071763098 ], [ -73.918726799263794, 40.873320336933702 ], [ -73.918721311422303, 40.873315328993499 ], [ -73.918714722129494, 40.873312821728497 ], [ -73.918714727567604, 40.8733083731628 ], [ -73.918714990097897, 40.873301230005602 ], [ -73.918715106052801, 40.873298086855897 ], [ -73.918706322966699, 40.8732916859867 ], [ -73.918699004693394, 40.873286676756003 ], [ -73.918700844289305, 40.873279727361002 ], [ -73.918710375711996, 40.873273339560299 ], [ -73.918718441403698, 40.873266672303401 ], [ -73.918723941252594, 40.873261672604201 ], [ -73.918724312481601, 40.873257502049 ], [ -73.918721752079506, 40.873254719868903 ], [ -73.918714793161001, 40.873254714967501 ], [ -73.918708931258394, 40.873256379031197 ], [ -73.918697205227502, 40.873260263331801 ], [ -73.918673029585804, 40.873262192242898 ], [ -73.918661300013596, 40.873269690675599 ], [ -73.918654329667504, 40.873278304143597 ], [ -73.918650290355501, 40.873286920179801 ], [ -73.918642595310203, 40.873290250637901 ], [ -73.918633434772204, 40.8732927468035 ], [ -73.918618888039006, 40.873294646809498 ], [ -73.918604918954401, 40.8732943076079 ], [ -73.918588241796996, 40.873286163949601 ], [ -73.918571777844903, 40.873270982971597 ], [ -73.918566642155099, 40.873259562497402 ], [ -73.918567143480402, 40.873252969486501 ], [ -73.918567688104702, 40.873245800729997 ], [ -73.918552255660998, 40.873230464010597 ], [ -73.918532693443495, 40.8732213795099 ], [ -73.918528099524906, 40.873221521844201 ], [ -73.918517859159195, 40.873221838436002 ], [ -73.918509421171294, 40.873214795680198 ], [ -73.918505310758306, 40.8732065032439 ], [ -73.918501386838798, 40.873200006449203 ], [ -73.918482588215099, 40.8732039021505 ], [ -73.918441808694595, 40.873205642044397 ], [ -73.918410351678205, 40.8732056198088 ], [ -73.9183928614965, 40.873217105038499 ], [ -73.918398658269695, 40.873240102487699 ], [ -73.918418417779407, 40.873278144146902 ], [ -73.918448689398303, 40.873294969760501 ], [ -73.918496427377505, 40.873319765541297 ], [ -73.918533693415398, 40.873333057486697 ], [ -73.918595403107005, 40.873364938416202 ], [ -73.918614026946003, 40.873379101537203 ], [ -73.918630295811099, 40.873413603954802 ], [ -73.918629089220303, 40.873448094049401 ], [ -73.918613902465495, 40.873480805579099 ], [ -73.918598728929695, 40.873503788226401 ], [ -73.918574260751896, 40.8735046553182 ], [ -73.918562594032906, 40.873517912717901 ], [ -73.918528783357104, 40.873536460604598 ], [ -73.918497302998304, 40.873555894982701 ], [ -73.918470476511402, 40.873579753735697 ], [ -73.918455335439106, 40.873576205625497 ], [ -73.918440206502694, 40.873562044949402 ], [ -73.918413412765005, 40.873559373621099 ], [ -73.918402911899705, 40.873570862619999 ], [ -73.918426185761803, 40.873593873594899 ], [ -73.9184261662339, 40.873609791602199 ], [ -73.918419150983596, 40.873630127602503 ], [ -73.918412142460795, 40.873645156985901 ], [ -73.918388834936707, 40.873649562271297 ], [ -73.918374838275994, 40.8736628180041 ], [ -73.918353846302907, 40.873679606198799 ], [ -73.918329350901601, 40.873702582717101 ], [ -73.918296702723296, 40.873722900566698 ], [ -73.918247742734295, 40.873744975559099 ], [ -73.918199953409996, 40.873761744739397 ], [ -73.918180127501699, 40.873777649375697 ], [ -73.918163789121493, 40.873799747288302 ], [ -73.918148606648003, 40.873829805196102 ], [ -73.918124120921206, 40.873844822164401 ], [ -73.918105466337494, 40.873855421667699 ], [ -73.918060364391195, 40.873858158973398 ], [ -73.9180530880883, 40.8738708364586 ], [ -73.918038586837994, 40.873905549290001 ], [ -73.917942513749395, 40.873991438829798 ], [ -73.917930459261598, 40.873987184224198 ], [ -73.917756110995398, 40.874256825643997 ], [ -73.917771333303705, 40.874262594920999 ], [ -73.917578728850899, 40.874556969689898 ], [ -73.917500639982293, 40.87452836968 ], [ -73.917692090605996, 40.874233513258801 ], [ -73.917710741121496, 40.874240785155699 ], [ -73.917891751051499, 40.873970769271502 ], [ -73.917886496372802, 40.873968541164601 ], [ -73.917872879233798, 40.873913286295398 ], [ -73.917731592721907, 40.874031450756902 ], [ -73.917688261148797, 40.874044285780599 ], [ -73.917622292603795, 40.874087124556397 ], [ -73.917569513493902, 40.874125683963697 ], [ -73.9175073016672, 40.874177102525501 ], [ -73.917405561914606, 40.874211338432502 ], [ -73.917301937290802, 40.874247002873901 ], [ -73.917247312915606, 40.874254110911998 ], [ -73.917160639031806, 40.8742883574049 ], [ -73.917090930218805, 40.874309750435899 ], [ -73.917056975827705, 40.874354041354202 ], [ -73.916968435230203, 40.874375420942499 ], [ -73.916898756636598, 40.874372511342401 ], [ -73.916791374669799, 40.874401024922498 ], [ -73.916695284756798, 40.874433834301101 ], [ -73.916610484136896, 40.874476658900903 ], [ -73.916488046952395, 40.874495154678101 ], [ -73.916437168956506, 40.874517989908497 ], [ -73.9163449162821, 40.874532141070901 ], [ -73.916213592791607, 40.874511874547103 ], [ -73.916099956729397, 40.874508450077002 ], [ -73.916018180743194, 40.874523141149297 ], [ -73.915891760711006, 40.8745279285206 ], [ -73.915767479299504, 40.874535968765002 ], [ -73.915686060240006, 40.874535909310097 ], [ -73.915578939734004, 40.874527700111898 ], [ -73.915403266665095, 40.874511307517501 ], [ -73.915225450705705, 40.874494913081399 ], [ -73.915071230608703, 40.874457393351904 ], [ -73.914983415233394, 40.874432933349503 ], [ -73.914634261830997, 40.874334912299503 ], [ -73.914223107964503, 40.874207894837902 ], [ -73.914199277943993, 40.874197646503703 ], [ -73.913998491092897, 40.874134576643598 ], [ -73.913904167289303, 40.874103991358098 ], [ -73.913586565747195, 40.874033670966597 ], [ -73.913498860559002, 40.873996611693698 ], [ -73.913346533711206, 40.873952506587997 ], [ -73.913295162433798, 40.873943877599601 ], [ -73.913250335512203, 40.873928793659303 ], [ -73.913195621093905, 40.873893672060397 ], [ -73.913143992792797, 40.873869143887603 ], [ -73.9130970177264, 40.873854040178301 ], [ -73.913041407989994, 40.873842112710399 ], [ -73.912981626055796, 40.873843646384003 ], [ -73.912891295653594, 40.8738341864034 ], [ -73.912732969733995, 40.873803372916598 ], [ -73.912612161448095, 40.873765607285598 ], [ -73.912504220918905, 40.873727703529198 ], [ -73.912290614464794, 40.873637195467602 ], [ -73.912079612892498, 40.873532925314898 ], [ -73.911639585348198, 40.873310655953098 ], [ -73.911579342096104, 40.873279878578202 ], [ -73.911516589211999, 40.873244921227197 ], [ -73.911427389791896, 40.873190057744097 ], [ -73.911360210635607, 40.873136048218903 ], [ -73.911306462503404, 40.873100275968802 ], [ -73.911275744849704, 40.8730718128352 ], [ -73.911225841951506, 40.873036043000802 ], [ -73.911192271955102, 40.872992998469101 ], [ -73.911185540359995, 40.872996642104503 ], [ -73.911175934936395, 40.872992986901103 ], [ -73.911181713077397, 40.8729827789859 ], [ -73.911168282882599, 40.8729645416567 ], [ -73.911154856037001, 40.872951401212198 ], [ -73.911104968286807, 40.872893025965801 ], [ -73.911101144914298, 40.872876255152498 ], [ -73.911105971368002, 40.8728594898297 ], [ -73.911085820212705, 40.8728346738826 ], [ -73.9110570341239, 40.872809130426198 ], [ -73.911037862980805, 40.872779947736603 ], [ -73.911040773790702, 40.8727566157174 ], [ -73.911013899260197, 40.872730344663701 ], [ -73.910993770288997, 40.872698243146601 ], [ -73.910982275185603, 40.872668335799901 ], [ -73.910968852993307, 40.872652286468998 ], [ -73.910963120456799, 40.872625301144403 ], [ -73.910945833255894, 40.8726165355719 ], [ -73.910916096606002, 40.872582237939397 ], [ -73.910833544075601, 40.872526028718497 ], [ -73.910764458841797, 40.872460354087103 ], [ -73.910698059481703, 40.872371564504398 ], [ -73.910670290156702, 40.8723263734773 ], [ -73.910650200421799, 40.872304539909301 ], [ -73.910645453849597, 40.872270343804502 ], [ -73.910601474551299, 40.872193219555498 ], [ -73.910566120987795, 40.8721248267344 ], [ -73.910542248217993, 40.872066618478399 ], [ -73.910539399716797, 40.872041888715998 ], [ -73.910554757758902, 40.872026629232103 ], [ -73.910546177139096, 40.871994618836503 ], [ -73.910519451368998, 40.871914589675903 ], [ -73.910496569492096, 40.871833843308202 ], [ -73.910486109142795, 40.871769828373303 ], [ -73.910480628562297, 40.871738015875202 ], [ -73.910474269996001, 40.871703975645801 ], [ -73.910462187074003, 40.871650696662599 ], [ -73.910454685891594, 40.8715851227049 ], [ -73.910448970595994, 40.871510161811997 ], [ -73.9104440823902, 40.871498662092797 ], [ -73.910427868008696, 40.8714937288577 ], [ -73.910430465051405, 40.871474244103901 ], [ -73.910445631828793, 40.8714719618158 ], [ -73.9104509838387, 40.8714445190123 ], [ -73.910452498303698, 40.871414943846801 ], [ -73.910447579390393, 40.871401997710699 ], [ -73.910435063224099, 40.871389107159203 ], [ -73.910449132889397, 40.871374573904802 ], [ -73.910466113706505, 40.871365072950802 ], [ -73.9104743479989, 40.871340492836097 ], [ -73.910495100653506, 40.871328803436398 ], [ -73.910513077999596, 40.871323624334899 ], [ -73.910522368194094, 40.871306965184601 ], [ -73.910545005169595, 40.871294538293299 ], [ -73.910560849243495, 40.871269903259801 ], [ -73.910552076726802, 40.871252653659901 ], [ -73.910559516994397, 40.87124033912 ], [ -73.910579712508095, 40.871185383459498 ], [ -73.910590998291795, 40.871176638795497 ], [ -73.910603022721901, 40.871151307418899 ], [ -73.910619882987007, 40.871132431429999 ], [ -73.910651428226402, 40.871073784131802 ], [ -73.910653205541806, 40.871063672482997 ], [ -73.910662529206604, 40.871050629161701 ], [ -73.910683355877097, 40.871044698721199 ], [ -73.910695491541006, 40.871028026848798 ], [ -73.910704688936804, 40.871004154073297 ], [ -73.910717684806997, 40.870980262792898 ], [ -73.910724986385205, 40.870957126822397 ], [ -73.9107155476202, 40.870930833495002 ], [ -73.910701261126206, 40.870912533960798 ], [ -73.910679364068102, 40.870881080998601 ], [ -73.910680498259893, 40.870855551211903 ], [ -73.910692150862303, 40.870837360202501 ], [ -73.910693251258294, 40.870816943189801 ], [ -73.910717375697004, 40.8708017085576 ], [ -73.910720415506205, 40.870777649755802 ], [ -73.910728234550106, 40.870757980234501 ], [ -73.910739079663003, 40.870717901219301 ], [ -73.910747038530502, 40.8706770800218 ], [ -73.910727000542096, 40.870655848577798 ], [ -73.910751345293406, 40.870607792341403 ], [ -73.910754297952707, 40.870596857051297 ], [ -73.910758233909604, 40.870583017505901 ], [ -73.910753551008099, 40.870566216860297 ], [ -73.910762330619306, 40.870545097162399 ], [ -73.910765436346395, 40.870513009201602 ], [ -73.910750354614393, 40.870467718260798 ], [ -73.9107571623788, 40.870456806222101 ], [ -73.9107736544983, 40.870433522562301 ], [ -73.910760305263395, 40.870417419984399 ], [ -73.910764504390798, 40.870364182256999 ], [ -73.910769539825097, 40.870329916983501 ], [ -73.910765959807094, 40.870290504773301 ], [ -73.910749741688804, 40.870272937164799 ], [ -73.910771093814802, 40.870241651508302 ], [ -73.910774154057705, 40.870214665757402 ], [ -73.910781103173605, 40.870182592827497 ], [ -73.910782200640597, 40.870160711826102 ], [ -73.910805627136298, 40.870107548093998 ], [ -73.910803032900105, 40.870063037078602 ], [ -73.910803193845396, 40.870038966665 ], [ -73.910810964847101, 40.870028049336 ], [ -73.910806304702902, 40.870006147466398 ], [ -73.910814231222801, 40.869970428146203 ], [ -73.910817261064295, 40.869947823430003 ], [ -73.910810567906097, 40.869943426307401 ], [ -73.910828053294495, 40.869915773736103 ], [ -73.910834877247197, 40.8699004724349 ], [ -73.910834989332997, 40.869883700791299 ], [ -73.910851462146894, 40.869863333007999 ], [ -73.910851618562006, 40.869839994497902 ], [ -73.910843011956601, 40.869833394982003 ], [ -73.910842117327903, 40.869823175891703 ], [ -73.9108556908716, 40.869805715239202 ], [ -73.910861631627, 40.869780212779602 ], [ -73.910878202075907, 40.869745259847001 ], [ -73.910863810480095, 40.869740824281998 ], [ -73.910874504983099, 40.869723360900601 ], [ -73.910884319042395, 40.8696934842229 ], [ -73.910885436266298, 40.8696686856536 ], [ -73.910854769523993, 40.8696568981685 ], [ -73.910877867428397, 40.869651142832502 ], [ -73.910898172982201, 40.869632253544196 ], [ -73.910910850498695, 40.869604583677202 ], [ -73.910925383845296, 40.869587857172498 ], [ -73.910916807836301, 40.869576887178198 ], [ -73.910917907494294, 40.869556459771701 ], [ -73.910926624147606, 40.869546287468701 ], [ -73.910919984123694, 40.869532397535501 ], [ -73.910942325055203, 40.869497465463802 ], [ -73.910948344281195, 40.869460286036599 ], [ -73.910926339801094, 40.8694448817322 ], [ -73.910957254223007, 40.869419467727298 ], [ -73.910988049790504, 40.869413750640298 ], [ -73.911010063516201, 40.869427690956798 ], [ -73.911040792740806, 40.869429994972897 ], [ -73.911059143524099, 40.8694169421574 ], [ -73.911133881776905, 40.869450053027599 ], [ -73.911190463419899, 40.869467052760903 ], [ -73.911257544500202, 40.8694957616868 ], [ -73.911305448114604, 40.869518563046597 ], [ -73.911347641415503, 40.869532580287597 ], [ -73.911383201613504, 40.869531263731403 ], [ -73.911441049868401, 40.869503035118498 ], [ -73.911465193861602, 40.869484891975297 ], [ -73.911475916727298, 40.869463048000597 ], [ -73.911473314432797, 40.869421453899498 ], [ -73.911464903797096, 40.8693856725777 ], [ -73.911425585505398, 40.869372388321302 ], [ -73.911417962608894, 40.869362875372801 ], [ -73.911401646326894, 40.869359894674403 ], [ -73.911394972976893, 40.869352571643802 ], [ -73.911359462357296, 40.869344413978901 ], [ -73.911356735992001, 40.869321786899597 ], [ -73.911123872706099, 40.869222404524599 ], [ -73.911118336317401, 40.869187365841398 ], [ -73.911098158273205, 40.8691872883144 ], [ -73.911062685098997, 40.869175481265799 ], [ -73.911032007078106, 40.8691636933154 ], [ -73.911056320719794, 40.869120008826002 ], [ -73.911076724348604, 40.869086533185303 ], [ -73.911080679731796, 40.869069766175897 ], [ -73.911076959192897, 40.869051516536302 ], [ -73.911094334727593, 40.869039913209399 ], [ -73.911093454688, 40.869027509295996 ], [ -73.911120145282297, 40.869014460717104 ], [ -73.911135087685096, 40.868980982534303 ], [ -73.911121780037604, 40.8689605001369 ], [ -73.911140749822906, 40.868942057228999 ], [ -73.911130336410395, 40.868928333934001 ], [ -73.911144019557796, 40.868903303467299 ], [ -73.911150126555995, 40.8688885055019 ], [ -73.911166663033896, 40.868885145492399 ], [ -73.911201286123003, 40.868872742603699 ], [ -73.911252374647702, 40.8688695162122 ], [ -73.911283995357607, 40.868855963624398 ], [ -73.911305170512705, 40.868833237816197 ], [ -73.911329605237697, 40.868810729775802 ], [ -73.911336258996499, 40.868793639332999 ], [ -73.911338848648199, 40.868782564198902 ], [ -73.911331135133693, 40.868766926700303 ], [ -73.9113354540915, 40.868748686093198 ], [ -73.911326906724497, 40.868726527622997 ], [ -73.911332926562693, 40.868713501471298 ], [ -73.911326963185104, 40.868684185722998 ], [ -73.911336429245793, 40.868665949573199 ], [ -73.911351888423596, 40.8686548854987 ], [ -73.911348478881493, 40.868632082662401 ], [ -73.911360519149696, 40.8686145055133 ], [ -73.911365698200896, 40.8685916993904 ], [ -73.911391477383702, 40.868571530319898 ], [ -73.911411282562597, 40.868521379586603 ], [ -73.911420754464302, 40.868499883268399 ], [ -73.911443086736398, 40.868484915475101 ], [ -73.911483509116906, 40.868416545333297 ], [ -73.911493849062495, 40.868383325408601 ], [ -73.911493875932393, 40.868363136559999 ], [ -73.911506815227298, 40.868311675202897 ], [ -73.911516286387695, 40.868289529388797 ], [ -73.911525751052594, 40.868273256256003 ], [ -73.911536902530997, 40.868272607110001 ], [ -73.911542087096706, 40.868253718843 ], [ -73.911581620143593, 40.868212057183499 ], [ -73.911603089804103, 40.8681944872325 ], [ -73.911626283328303, 40.868182770847 ], [ -73.911654625889099, 40.868162594968297 ], [ -73.911669241259006, 40.868143714417599 ], [ -73.911713058110294, 40.868108574647401 ], [ -73.911729759421107, 40.868082778994101 ], [ -73.911733348376799, 40.868068913847999 ], [ -73.911731489629801, 40.868048454011401 ], [ -73.911735262551801, 40.868038470012003 ], [ -73.911727125325598, 40.868038463787599 ], [ -73.911727138581497, 40.868028477582399 ], [ -73.911726531534299, 40.8680118271716 ], [ -73.911737829156493, 40.867999462729898 ], [ -73.911736590041002, 40.867985675139302 ], [ -73.911756652755003, 40.867974273118598 ], [ -73.911754190438401, 40.867943347824102 ], [ -73.911770505375202, 40.867921477938502 ], [ -73.911781810562701, 40.867903891972702 ], [ -73.911798108153107, 40.867903904431003 ], [ -73.911810023787496, 40.867890594619297 ], [ -73.911795630366498, 40.867876311158298 ], [ -73.911798193323307, 40.867839690069196 ], [ -73.911806988087804, 40.867818769646 ], [ -73.911825188237401, 40.867797379303703 ], [ -73.911847138673096, 40.867784545884803 ], [ -73.911872438654896, 40.867767779736198 ], [ -73.9118910300366, 40.867756042862197 ], [ -73.911893680374405, 40.867734207420199 ], [ -73.911913026428294, 40.867708495676801 ], [ -73.911849174215504, 40.867680810473601 ], [ -73.911994395640704, 40.867514124489098 ], [ -73.912098980481005, 40.867381481055098 ], [ -73.912231057376601, 40.867223752092599 ], [ -73.912453580885796, 40.8669488486075 ], [ -73.912618974697494, 40.866747849633697 ], [ -73.912733167160994, 40.866613502473001 ], [ -73.912553621430604, 40.866536914045199 ], [ -73.912549179204106, 40.866523232754901 ], [ -73.912830024906, 40.866165401027899 ], [ -73.913121579047498, 40.865789531909698 ], [ -73.913521405218702, 40.865275760642298 ], [ -73.913846278783097, 40.864856627971598 ], [ -73.913920059565598, 40.864753873760499 ], [ -73.913936697758302, 40.864747573900097 ], [ -73.914040096599706, 40.864718789923003 ], [ -73.914169645238104, 40.864674690742902 ], [ -73.9142540065302, 40.864654014435203 ], [ -73.914313435477098, 40.8646333120154 ], [ -73.914390655344206, 40.864632469062997 ], [ -73.914925307824205, 40.864588668208498 ], [ -73.914930065738204, 40.8645778559207 ], [ -73.914541804672496, 40.8644206408934 ], [ -73.914475404447202, 40.864319575247599 ], [ -73.914412562283104, 40.864181916100897 ], [ -73.915045504570799, 40.864445010864799 ], [ -73.915075477998698, 40.864454794166498 ], [ -73.915087267132705, 40.864456432675198 ], [ -73.915169762332297, 40.864447542926897 ], [ -73.915256547931094, 40.8644419152658 ], [ -73.915433325881395, 40.864426592793599 ], [ -73.915430126008204, 40.8644160183986 ], [ -73.915435512685704, 40.864395690231603 ], [ -73.915460152679401, 40.8643924575005 ], [ -73.915454855965706, 40.864342025806401 ], [ -73.915633792232896, 40.864317761888501 ], [ -73.9156401717661, 40.864356803295699 ], [ -73.915665872690695, 40.864358442533899 ], [ -73.915713019839302, 40.864351156892099 ], [ -73.9157601578504, 40.864350380000602 ], [ -73.915818014482895, 40.864343101463703 ], [ -73.915861949460805, 40.8643341912911 ], [ -73.915900545300303, 40.864316326784397 ], [ -73.915924137044598, 40.864288690598002 ], [ -73.915937043240106, 40.8642504733997 ], [ -73.915932809344497, 40.864212253764798 ], [ -73.915927486944298, 40.8641813450513 ], [ -73.915899671140494, 40.864154481711203 ], [ -73.915872909479106, 40.864137379700999 ], [ -73.915855777881006, 40.864130866139 ], [ -73.915834073926504, 40.864122598119998 ], [ -73.9157915261722, 40.864111296790298 ], [ -73.915743328702902, 40.864104759363201 ], [ -73.915727389028902, 40.864103914462802 ], [ -73.915668711595401, 40.864094938086801 ], [ -73.915617119535597, 40.864083645997098 ], [ -73.915585205634301, 40.864078940214803 ], [ -73.915494836976094, 40.864074483118799 ], [ -73.915441254984998, 40.864086645748202 ], [ -73.915406970787799, 40.864089871405398 ], [ -73.915385869471194, 40.864088590631397 ], [ -73.915375970823604, 40.864087990005302 ], [ -73.915340578430602, 40.864078713430999 ], [ -73.915312735956107, 40.864059707754301 ], [ -73.915295375478905, 40.864040184866802 ], [ -73.915268853548298, 40.8640279605603 ], [ -73.915242100385498, 40.864004357338899 ], [ -73.915217275585604, 40.863984241349598 ], [ -73.915197176595598, 40.863953513389099 ], [ -73.9151894596516, 40.863906032663003 ], [ -73.915186488129507, 40.863887749683002 ], [ -73.915183358532502, 40.8638684927746 ], [ -73.915182623453006, 40.863851404203103 ], [ -73.915180228759397, 40.863795741033798 ], [ -73.915178367044305, 40.863752476141599 ], [ -73.915177994146504, 40.863743808554702 ], [ -73.915176826364402, 40.863716674808899 ], [ -73.915176992868496, 40.863688722855699 ], [ -73.915202139373804, 40.863660475324501 ], [ -73.915219614310502, 40.863649370491402 ], [ -73.915255867789696, 40.863626332869998 ], [ -73.915298192539296, 40.863606933103803 ], [ -73.915309531070704, 40.863598762778501 ], [ -73.9153459867576, 40.863572494760596 ], [ -73.915363328774404, 40.863555521639398 ], [ -73.915375471508199, 40.863537019739198 ], [ -73.915418002270997, 40.863456195368499 ], [ -73.915428454118796, 40.863437460035797 ], [ -73.915470062938695, 40.863370786655501 ], [ -73.9154782530902, 40.863354396325697 ], [ -73.915486593288605, 40.863309006840403 ], [ -73.915474497185599, 40.863288619624797 ], [ -73.915461303418994, 40.863265362937 ], [ -73.915452043999494, 40.863241273524999 ], [ -73.915456394173702, 40.863216746295201 ], [ -73.915424385630004, 40.863202469632 ], [ -73.915412261973998, 40.8632037754668 ], [ -73.915346495488606, 40.863172831272898 ], [ -73.915412389885802, 40.863103208052003 ], [ -73.9153881591143, 40.863092673181697 ], [ -73.915451133952601, 40.863014799458298 ], [ -73.915501088026701, 40.862946416739398 ], [ -73.915521581917503, 40.862918363907703 ], [ -73.915567209100402, 40.862939360819198 ], [ -73.915577381320702, 40.862924393198099 ], [ -73.915564425598205, 40.862917540061503 ], [ -73.915581343853802, 40.862904287285403 ], [ -73.915590352381798, 40.862909427623599 ], [ -73.915601073717298, 40.862900448182899 ], [ -73.915595444085994, 40.8628974457352 ], [ -73.915605038827394, 40.862888042306402 ], [ -73.915619701188703, 40.862887197153903 ], [ -73.915673426483195, 40.862910716813403 ], [ -73.915683477746398, 40.862902194716199 ], [ -73.915694662308098, 40.8628881078237 ], [ -73.915720503274102, 40.862861153459598 ], [ -73.915781576678299, 40.862797446269603 ], [ -73.915820118019099, 40.862759540445403 ], [ -73.915840267218002, 40.8627397230794 ], [ -73.915859117152195, 40.862723229092502 ], [ -73.915865934459106, 40.862717263872398 ], [ -73.915871052133895, 40.862712784851098 ], [ -73.915935060438997, 40.862656776570901 ], [ -73.915953283452694, 40.862639744194702 ], [ -73.915954029058796, 40.862639045831003 ], [ -73.916106608074699, 40.862496433647898 ], [ -73.9161707832057, 40.862449549171799 ], [ -73.916206278293899, 40.862429574863299 ], [ -73.916226650243004, 40.862413706614703 ], [ -73.916277778971804, 40.862373880241499 ], [ -73.916393178907995, 40.862283991063997 ], [ -73.916401620708697, 40.862277415361902 ], [ -73.916427483707906, 40.862257269330399 ], [ -73.916493395697799, 40.862205927468899 ], [ -73.916526549351303, 40.862188792727501 ], [ -73.916535814141994, 40.862184004413201 ], [ -73.916570356386501, 40.8621661526591 ], [ -73.916597819226396, 40.862154668360198 ], [ -73.916603346721104, 40.862150244047299 ], [ -73.916618633524905, 40.862138008814497 ], [ -73.916639659194999, 40.8621211792141 ], [ -73.916648392295897, 40.862114189251699 ], [ -73.916663168741593, 40.862101923490101 ], [ -73.916726266110004, 40.862049546345801 ], [ -73.916733496822602, 40.862043019164503 ], [ -73.916748319427199, 40.862029637385497 ], [ -73.9167557434305, 40.862022934107799 ], [ -73.916762963091998, 40.862016416800401 ], [ -73.916782559025904, 40.861998726580701 ], [ -73.916787278467993, 40.861994464676201 ], [ -73.916796777212099, 40.861985889982599 ], [ -73.916852436810899, 40.861971897524299 ], [ -73.916880322687206, 40.861961868736699 ], [ -73.916921827683893, 40.861940015742597 ], [ -73.917092788694703, 40.861868596921603 ], [ -73.917154216686896, 40.861819049316601 ], [ -73.917231998311394, 40.861744832384197 ], [ -73.917271773048597, 40.861702988315599 ], [ -73.917296106546004, 40.8616877068702 ], [ -73.917344208314404, 40.861625616696202 ], [ -73.917379848352397, 40.861579266101103 ], [ -73.917409536246694, 40.861541025723703 ], [ -73.917411373848395, 40.861494660801498 ], [ -73.917461627376497, 40.861437758468 ], [ -73.917482043109601, 40.861406922664997 ], [ -73.917505441003399, 40.861371613440198 ], [ -73.917517033604696, 40.861358213336999 ], [ -73.917534356473894, 40.8613440246084 ], [ -73.917548925369303, 40.861331419851602 ], [ -73.917565562615394, 40.8613151238564 ], [ -73.917573195199793, 40.861300405525903 ], [ -73.9175939948436, 40.861284653264804 ], [ -73.917615482283196, 40.861269414112101 ], [ -73.917657792534698, 40.861229480309802 ], [ -73.917689685470094, 40.861201110224698 ], [ -73.9177306057842, 40.861153287740201 ], [ -73.917786770690796, 40.861101792770903 ], [ -73.917809663678995, 40.861071841353201 ], [ -73.917828453062597, 40.861051071301802 ], [ -73.917823648714204, 40.861032725092002 ], [ -73.917836966911096, 40.861005224414697 ], [ -73.917826110647098, 40.8609887106198 ], [ -73.917822793456807, 40.860957190269502 ], [ -73.917842467059003, 40.860939734789802 ], [ -73.917862586731403, 40.860908944272502 ], [ -73.917866792952907, 40.860892756314001 ], [ -73.917878499817107, 40.860892124540499 ], [ -73.917883542591298, 40.860881962317201 ], [ -73.917906153818606, 40.860858160456701 ], [ -73.917903546008105, 40.8608479016563 ], [ -73.917923335116996, 40.860833714622899 ], [ -73.917923775740803, 40.860822287673997 ], [ -73.917885303140807, 40.860810509718199 ], [ -73.917929714939106, 40.8607581861177 ], [ -73.917952046998295, 40.860740273663502 ], [ -73.918053639873506, 40.860629386845197 ], [ -73.918264079045301, 40.860413112667899 ], [ -73.918435821923694, 40.860229821710199 ], [ -73.918362174660501, 40.860204097356501 ], [ -73.918377909657494, 40.860178426336702 ], [ -73.918388816586699, 40.860143585194898 ], [ -73.918400464819399, 40.860104485297398 ], [ -73.918394541560502, 40.860088757710699 ], [ -73.918412146535502, 40.8600569657034 ], [ -73.918429713237899, 40.860065180900001 ], [ -73.918432431803595, 40.860053900465701 ], [ -73.918436510509295, 40.860026203881297 ], [ -73.918452767173605, 40.859999534110599 ], [ -73.918468980371401, 40.860000571480803 ], [ -73.918493332313503, 40.859979048880597 ], [ -73.918501459059101, 40.859958533022201 ], [ -73.918529880194498, 40.859926747463 ], [ -73.918560968979605, 40.8599154865516 ], [ -73.918589367692107, 40.859902161354903 ], [ -73.918612378724902, 40.859871399042902 ], [ -73.918605653027797, 40.859843695332401 ], [ -73.918611090027099, 40.859820096312902 ], [ -73.918621943760698, 40.859790352507297 ], [ -73.918643581859996, 40.859776004824703 ], [ -73.918667932300806, 40.859747296442997 ], [ -73.918680090030094, 40.859756534874201 ], [ -73.918696319405697, 40.859743209784398 ], [ -73.918694975007796, 40.859737058555503 ], [ -73.918704455024795, 40.859724746412098 ], [ -73.918688243618703, 40.859713452129299 ], [ -73.918739823399406, 40.859656595723699 ], [ -73.918722228785896, 40.859650513125302 ], [ -73.918802829950195, 40.859566383905097 ], [ -73.918779395475894, 40.859555038985 ], [ -73.9188872091528, 40.859447451643497 ], [ -73.918904811523902, 40.859426329783197 ], [ -73.919004935296797, 40.859321754018602 ], [ -73.919137540886098, 40.859181280425503 ], [ -73.919233609505696, 40.859084905566498 ], [ -73.919339150473107, 40.858972121139203 ], [ -73.919402741212593, 40.858907537104102 ], [ -73.919439965059198, 40.858863709356797 ], [ -73.919482392606298, 40.8588222253616 ], [ -73.919503566270393, 40.858799421788497 ], [ -73.919524852908097, 40.858791921710299 ], [ -73.919547071577199, 40.858799903440499 ], [ -73.919547703028698, 40.858806865981201 ], [ -73.919809145861706, 40.858919100460596 ], [ -73.920084963554999, 40.859032853854302 ], [ -73.920277138480401, 40.859109690852698 ], [ -73.920267954153402, 40.859118619025303 ], [ -73.920346387430897, 40.859151544784801 ], [ -73.9203994813425, 40.859169789866797 ], [ -73.920414421609294, 40.859154839339297 ], [ -73.920436101486104, 40.859129234621399 ], [ -73.920446095870901, 40.859132780609798 ], [ -73.920462773062397, 40.859111549150498 ], [ -73.920326947887801, 40.859051780128297 ], [ -73.920271019158704, 40.859026959607498 ], [ -73.920243714193404, 40.859019349418503 ], [ -73.920209764291002, 40.859004152691703 ], [ -73.920199776229893, 40.858995546646398 ], [ -73.920097909796795, 40.858953504193202 ], [ -73.920070602786296, 40.858946902954401 ], [ -73.919958086401905, 40.858894731577102 ], [ -73.919936779560402, 40.858889151670397 ], [ -73.919910145691404, 40.858875481545397 ], [ -73.9198482266669, 40.858852170065802 ], [ -73.919773663843401, 40.858810146289201 ], [ -73.919775675857295, 40.858803060280401 ], [ -73.919842921043696, 40.858835479720199 ], [ -73.9199168215453, 40.858866886538799 ], [ -73.9199634335654, 40.858886648267401 ], [ -73.920074602188805, 40.858934631963997 ], [ -73.920480112725002, 40.859112380123698 ], [ -73.920432324968502, 40.859163288829599 ], [ -73.920441984334204, 40.859169300864899 ], [ -73.920434937412097, 40.859180643194797 ], [ -73.920510496903404, 40.859213391798598 ], [ -73.920509610386901, 40.8592207387588 ], [ -73.920621197743699, 40.859267533133497 ], [ -73.920654592156794, 40.859271554046302 ], [ -73.9206721368666, 40.859298265969699 ], [ -73.920699352651695, 40.859332323397197 ], [ -73.920694918982704, 40.859359686113997 ], [ -73.920749362868193, 40.8594064405696 ], [ -73.920816901340103, 40.859531286916599 ], [ -73.920826240529493, 40.859545912075802 ], [ -73.920967820072505, 40.8597676514634 ], [ -73.921073097003202, 40.859944588717703 ], [ -73.921203882296197, 40.860106857032498 ], [ -73.921272343276499, 40.860196331025499 ], [ -73.921323301065897, 40.860222398728901 ], [ -73.921341752467697, 40.860225077609101 ], [ -73.921347036052197, 40.860221073887402 ], [ -73.9213654921829, 40.860219753652203 ], [ -73.921395406621698, 40.860199089940402 ], [ -73.921432347662702, 40.860183094852999 ], [ -73.921460494122101, 40.860171102096302 ], [ -73.921517665611503, 40.860139101004897 ], [ -73.921517674272295, 40.860131761649797 ], [ -73.921544080819302, 40.8601070888596 ], [ -73.921558147809407, 40.860107764831398 ], [ -73.921591578890997, 40.860081088202001 ], [ -73.921634785042897, 40.859972329129 ], [ -73.921662114916401, 40.859898938998398 ], [ -73.921689429934801, 40.8598482333419 ], [ -73.921707973703604, 40.859773496211602 ], [ -73.921719469698502, 40.859720114014102 ], [ -73.921702790654507, 40.859702083727598 ], [ -73.921711605565903, 40.859680730493402 ], [ -73.921737971334096, 40.859680748380299 ], [ -73.9217397566551, 40.859655391260198 ], [ -73.921723950534599, 40.859642025918703 ], [ -73.9217054977332, 40.859639348271003 ], [ -73.921687914914997, 40.8596440100698 ], [ -73.921698487790593, 40.859619983520702 ], [ -73.921682668879399, 40.859617307154103 ], [ -73.921665988301299, 40.859600609676001 ], [ -73.921672158199499, 40.859589267849103 ], [ -73.921670400577099, 40.859580594479098 ], [ -73.921649314562103, 40.859579237965796 ], [ -73.921650215220495, 40.859559221557703 ], [ -73.921691529611905, 40.859555908688698 ], [ -73.921731952235405, 40.859563950094397 ], [ -73.921721394853293, 40.859575955355403 ], [ -73.9217556818367, 40.859577311427103 ], [ -73.921741602929401, 40.859587982156903 ], [ -73.921760058975295, 40.859587328266002 ], [ -73.921770638577399, 40.859567307865902 ], [ -73.921804915429902, 40.859567331100997 ], [ -73.921804928768907, 40.859555985596998 ], [ -73.921818123863801, 40.859550653897102 ], [ -73.921817224711106, 40.859568681638898 ], [ -73.921834808504201, 40.859563353413499 ], [ -73.921837458982907, 40.859548668277 ], [ -73.921841003372094, 40.859529985300597 ], [ -73.921827830466498, 40.859516631138199 ], [ -73.921802357541196, 40.859503259759798 ], [ -73.921785644164899, 40.859505257035302 ], [ -73.921785664571502, 40.859487904486599 ], [ -73.921790945864899, 40.859483900240001 ], [ -73.921792711548804, 40.859475221051298 ], [ -73.921784809601206, 40.859468543410699 ], [ -73.921779570423894, 40.859445180749702 ], [ -73.921756745653497, 40.859419141706702 ], [ -73.921746189514295, 40.8594197997826 ], [ -73.921729508968497, 40.859403103485597 ], [ -73.921740057442506, 40.859399769221902 ], [ -73.921743595567094, 40.8593864268856 ], [ -73.921782275057396, 40.859384453890797 ], [ -73.921802488582799, 40.8593918057813 ], [ -73.921815651671807, 40.859403161890398 ], [ -73.921847321700795, 40.859391169750303 ], [ -73.921828869017304, 40.8593798112339 ], [ -73.921794613570896, 40.859361102642403 ], [ -73.921807818016802, 40.859337087246999 ], [ -73.921837713888706, 40.859331767364097 ], [ -73.921843019450606, 40.859308412518402 ], [ -73.921857974452394, 40.859299075184303 ], [ -73.921857120245903, 40.859279048203803 ], [ -73.921865066621706, 40.859249022190802 ], [ -73.921873025094101, 40.859208316576598 ], [ -73.921867768280094, 40.8591896276385 ], [ -73.921850213701603, 40.859170930371 ], [ -73.921811561798606, 40.859149544296699 ], [ -73.921830030957395, 40.859136878482097 ], [ -73.921819503688994, 40.859123526110103 ], [ -73.921796661756503, 40.859112163440997 ], [ -73.921755351000201, 40.859102122232201 ], [ -73.921714916084099, 40.859104760434398 ], [ -73.921701742503501, 40.8590920726636 ], [ -73.921685053841898, 40.859082722752099 ], [ -73.921672763420105, 40.859075366838198 ], [ -73.921657808345799, 40.8590840370709 ], [ -73.921642872360394, 40.859076688738803 ], [ -73.921624421380699, 40.859063987993601 ], [ -73.921577833924999, 40.859063289930297 ], [ -73.921564665104697, 40.859046594822601 ], [ -73.921538311610902, 40.859036572414098 ], [ -73.921518108371401, 40.859019872014599 ], [ -73.921497905773506, 40.859013852896297 ], [ -73.921483848477607, 40.859005161772103 ], [ -73.921458368719001, 40.858988458943799 ], [ -73.921438177167801, 40.858973100567098 ], [ -73.921416214668099, 40.858960397397297 ], [ -73.921408318593294, 40.8589477131869 ], [ -73.921396884792699, 40.858948371805702 ], [ -73.921386349122002, 40.858940360030203 ], [ -73.921363509563704, 40.8589276649639 ], [ -73.921342417047398, 40.858920978301498 ], [ -73.921323969170302, 40.858915625583798 ], [ -73.921308156990307, 40.858907600821702 ], [ -73.921297624614496, 40.8588882418506 ], [ -73.921315218072493, 40.858883579615402 ], [ -73.921346850420804, 40.858893615557797 ], [ -73.921371447664299, 40.858904978339901 ], [ -73.9213899018539, 40.858904990914603 ], [ -73.921371468966598, 40.858886959382502 ], [ -73.921334561787006, 40.8588749218004 ], [ -73.921310832031693, 40.8588722311097 ], [ -73.921279181525406, 40.858877549659297 ], [ -73.921257231594794, 40.858854841474297 ], [ -73.921240569484894, 40.858822799984402 ], [ -73.921240593988998, 40.858802107189703 ], [ -73.921251149492406, 40.858792776311503 ], [ -73.921256452630999, 40.858771419539003 ], [ -73.921265271771304, 40.858745392606103 ], [ -73.921258264976004, 40.858723370908599 ], [ -73.921240712534299, 40.858701999708799 ], [ -73.921211707813001, 40.8586973056712 ], [ -73.921189757521603, 40.858674599147697 ], [ -73.921173960211505, 40.858653903752803 ], [ -73.921134413032206, 40.858647195061003 ], [ -73.921105430598502, 40.8586244825416 ], [ -73.921110730597604, 40.858605800785 ], [ -73.921122162490093, 40.858596471187603 ], [ -73.921104604453802, 40.8585804394327 ], [ -73.921090544439707, 40.858575089677601 ], [ -73.921087047087894, 40.858564407675601 ], [ -73.921072982580895, 40.858561732424697 ], [ -73.921103797848104, 40.858521041821703 ], [ -73.921115266588899, 40.858481005062302 ], [ -73.921123209601703, 40.858453644724399 ], [ -73.921093326701595, 40.858449616966702 ], [ -73.921083670323796, 40.858440939356399 ], [ -73.921069622445202, 40.858425575901698 ], [ -73.921067013690603, 40.858405556423001 ], [ -73.921060006474207, 40.858382859592901 ], [ -73.921074985132705, 40.858353504178197 ], [ -73.921080281386196, 40.858338153955401 ], [ -73.921060074599694, 40.858325461298399 ], [ -73.921080302765901, 40.858320136168899 ], [ -73.921089106605194, 40.858308129094503 ], [ -73.921065381015694, 40.858302106987402 ], [ -73.920998558939701, 40.858312065073903 ], [ -73.920988910262494, 40.858298046817801 ], [ -73.920943087447696, 40.858292702762597 ], [ -73.920930930915205, 40.858263301966097 ], [ -73.920916028656507, 40.858227254977002 ], [ -73.920940120250506, 40.858128962278101 ], [ -73.9211453960027, 40.857559511755902 ], [ -73.921224666722296, 40.857530618043597 ], [ -73.921306182249495, 40.857428939100302 ], [ -73.921365210442104, 40.857408252522298 ], [ -73.9214031280124, 40.857397885211498 ], [ -73.921461065268602, 40.857375540532999 ], [ -73.921521102906695, 40.857357194025603 ], [ -73.921556934864995, 40.857330038235197 ], [ -73.921585400837301, 40.857298079559399 ], [ -73.921593856228299, 40.857271703228903 ], [ -73.921587574714096, 40.857240521360097 ], [ -73.921581282277202, 40.8572197314584 ], [ -73.921559926447102, 40.857160990128698 ], [ -73.921560001774395, 40.857097118222498 ], [ -73.921593037271705, 40.857073441821001 ], [ -73.921619372331904, 40.857063067237 ], [ -73.921647814335799, 40.857051894153798 ], [ -73.921664670063606, 40.857043911385702 ], [ -73.921704698314201, 40.857029548636497 ], [ -73.921745770813402, 40.8570215822878 ], [ -73.921802645334196, 40.857007230929497 ], [ -73.921838451902104, 40.857000859486298 ], [ -73.921864776287293, 40.857000078062903 ], [ -73.921887949281398, 40.856992898793997 ], [ -73.921901648383297, 40.856983314843802 ], [ -73.921919572635602, 40.856962540679397 ], [ -73.921942759297394, 40.8569425711691 ], [ -73.921971215264307, 40.856919405857099 ], [ -73.9220463525171, 40.856862447617203 ], [ -73.922076079844999, 40.856787778755901 ], [ -73.922158902412207, 40.856774534985703 ], [ -73.922170081864294, 40.8567467343224 ], [ -73.922147801982604, 40.856734627790502 ], [ -73.922111182980402, 40.8567285581627 ], [ -73.922168577674796, 40.856671769960101 ], [ -73.922221152897194, 40.856650041619297 ], [ -73.9222482562365, 40.8566222516816 ], [ -73.922294421695995, 40.856635582462197 ], [ -73.922334255673206, 40.8566162640223 ], [ -73.922378387872101, 40.856591857090798 ], [ -73.922372856678095, 40.8562886290607 ], [ -73.922346082295704, 40.856261409939997 ], [ -73.9223761168968, 40.856223340867203 ], [ -73.922377239065696, 40.855986636803301 ], [ -73.922346023462694, 40.855690623105502 ], [ -73.922343609368298, 40.855693748304397 ], [ -73.922337793005696, 40.855701274732702 ], [ -73.922331143143097, 40.855709880455201 ], [ -73.922330311190294, 40.8557109585782 ], [ -73.922329283680099, 40.855712289027203 ], [ -73.922197152268595, 40.855883277884402 ], [ -73.922180172637198, 40.855905252535202 ], [ -73.922182606291798, 40.855908240448201 ], [ -73.922184386786498, 40.855911482053699 ], [ -73.922185471633398, 40.855914896074097 ], [ -73.922185833354206, 40.855918395881197 ], [ -73.922185462563803, 40.855921894021698 ], [ -73.922184367748798, 40.855925302718902 ], [ -73.922182576588995, 40.855928536387097 ], [ -73.922180133969604, 40.855931512802599 ], [ -73.922177103740694, 40.855934158297998 ], [ -73.922173559232604, 40.855936405410901 ], [ -73.922169590089794, 40.855938197746298 ], [ -73.922165297635701, 40.855939491481401 ], [ -73.922160788255894, 40.855940253685901 ], [ -73.922156174718694, 40.855940464668102 ], [ -73.922151573306706, 40.855940118475502 ], [ -73.922064781640998, 40.856062199157897 ], [ -73.922078475975098, 40.856067422739997 ], [ -73.921953444981099, 40.856245277860403 ], [ -73.921874651804004, 40.856357949493997 ], [ -73.921889031415006, 40.856363421161802 ], [ -73.921818931217899, 40.856462511826003 ], [ -73.921836923573593, 40.856470428773697 ], [ -73.921766514795493, 40.856574156074103 ], [ -73.921771627700096, 40.8565761818829 ], [ -73.921699849283399, 40.856680589362 ], [ -73.921520370765407, 40.856609458122698 ], [ -73.9215922172435, 40.856504948610699 ], [ -73.921598395322206, 40.8565073978125 ], [ -73.921673247126606, 40.8564023034562 ], [ -73.921691133957395, 40.856408930927998 ], [ -73.921761086531305, 40.8563129692416 ], [ -73.921824680701704, 40.856337413299201 ], [ -73.922030997622102, 40.856048342419697 ], [ -73.922043147313602, 40.8560533416534 ], [ -73.922130525641904, 40.855930916619997 ], [ -73.922128447926994, 40.855927696256103 ], [ -73.922127066126905, 40.855924264444802 ], [ -73.922126415884804, 40.855920706311998 ], [ -73.922126514078599, 40.855917116855103 ], [ -73.9221273555317, 40.8559135828474 ], [ -73.922128922484802, 40.855910196917499 ], [ -73.922131172474494, 40.855907045311199 ], [ -73.922134049807298, 40.8559042075645 ], [ -73.922137478719407, 40.855901756666398 ], [ -73.922141374413997, 40.855899754543202 ], [ -73.922145636000394, 40.8558982522216 ], [ -73.922150155762495, 40.855897288661502 ], [ -73.922154818721594, 40.855896887238899 ], [ -73.922159505499906, 40.855897059432202 ], [ -73.922186487855896, 40.8558557028786 ], [ -73.922220381196894, 40.855803753114103 ], [ -73.922237001419902, 40.855779473763199 ], [ -73.922260747463994, 40.855733902969902 ], [ -73.922273629500296, 40.855709179168002 ], [ -73.922282568103995, 40.8556952189331 ], [ -73.922289753197205, 40.855684000711697 ], [ -73.922289800941002, 40.855683926698603 ], [ -73.922297540511195, 40.855672123020902 ], [ -73.922280161005403, 40.8556632761318 ], [ -73.922401789143606, 40.855518343229797 ], [ -73.922670727409795, 40.855188062142197 ], [ -73.922821287231201, 40.854996963650102 ], [ -73.922902571909205, 40.854893792424598 ], [ -73.923134415734793, 40.8545977573676 ], [ -73.923417272474396, 40.854234093331101 ], [ -73.923607382890793, 40.853985484948403 ], [ -73.924010822985593, 40.853445240711899 ], [ -73.924442082281999, 40.8528487593668 ], [ -73.924671642775905, 40.852514926166997 ], [ -73.924975400147005, 40.852079195862899 ], [ -73.925023343316198, 40.852029996905998 ], [ -73.925034699618905, 40.852002071420799 ], [ -73.925074379699197, 40.8519505071692 ], [ -73.925111233749504, 40.851901103964799 ], [ -73.9251480963364, 40.851845242388301 ], [ -73.925156612063702, 40.851823762355998 ], [ -73.925173608344195, 40.851810878763303 ], [ -73.925218971375102, 40.851746423528297 ], [ -73.925278510461396, 40.851656197602402 ], [ -73.925298372610001, 40.851615373096202 ], [ -73.925349397162506, 40.851546634715 ], [ -73.925425947160306, 40.851430620595202 ], [ -73.925491161449798, 40.851335020718999 ], [ -73.925533676610698, 40.851281316682098 ], [ -73.925545024171399, 40.851251237622897 ], [ -73.925641421507294, 40.851107302790098 ], [ -73.925664105350904, 40.851077223318399 ], [ -73.925737817995895, 40.850963357821499 ], [ -73.925756873937502, 40.850934603451797 ], [ -73.925855064300904, 40.850786433252402 ], [ -73.925881135413604, 40.850761029149503 ], [ -73.925896046953, 40.850724307355101 ], [ -73.926030206336407, 40.850522413361503 ], [ -73.926239603792496, 40.850215461564702 ], [ -73.926257509091798, 40.850189214368001 ], [ -73.926495988953704, 40.8498475486901 ], [ -73.926715822336007, 40.849541178422903 ], [ -73.926924466658207, 40.849258817984598 ], [ -73.927118227959497, 40.848976446581901 ], [ -73.9272560952286, 40.848771725817997 ], [ -73.927405122848498, 40.848565597839702 ], [ -73.927524364924693, 40.848387699449702 ], [ -73.927654780211796, 40.848195688715798 ], [ -73.927975210008498, 40.847735421808203 ], [ -73.928139421507694, 40.847499919188202 ], [ -73.928218364382403, 40.8473884224071 ], [ -73.928392942167704, 40.8471405147083 ], [ -73.928423441285204, 40.847090966413099 ], [ -73.928456451106001, 40.847039758669801 ], [ -73.928491380101406, 40.846990243257302 ], [ -73.928521697076405, 40.846947264595897 ], [ -73.929286872205907, 40.8458625063288 ], [ -73.929326660440395, 40.845803297195999 ], [ -73.929382220003006, 40.845721373120803 ], [ -73.929429891237902, 40.845652446541102 ], [ -73.929619220499603, 40.845380261877999 ], [ -73.929677744266996, 40.8452978849717 ], [ -73.929719936887494, 40.845240062751898 ], [ -73.9297670217736, 40.845163783558903 ], [ -73.929815722623005, 40.845085668599403 ], [ -73.929870924343902, 40.844992168008098 ], [ -73.929924499288205, 40.844902358622598 ], [ -73.929991070339696, 40.844777481827997 ], [ -73.930047912902296, 40.8446692145952 ], [ -73.9300998783485, 40.844563402452401 ], [ -73.930153468557293, 40.844457590765501 ], [ -73.930224954348304, 40.8442927263836 ], [ -73.930275323178407, 40.844171776250498 ], [ -73.930320827527694, 40.8440524253514 ], [ -73.930400453001297, 40.843837093385602 ], [ -73.930454098237107, 40.843689444542697 ], [ -73.930501220481801, 40.8435639348588 ], [ -73.930546732766203, 40.843436830698003 ], [ -73.930571101194104, 40.8433802318986 ], [ -73.930580860080994, 40.843345784508003 ], [ -73.930629613815398, 40.843214125447801 ], [ -73.930676731361203, 40.843093542552403 ], [ -73.930699490577197, 40.843031403918403 ], [ -73.930728795296105, 40.842947990010302 ], [ -73.930774261521606, 40.842818535696203 ], [ -73.930787239938098, 40.842801317688298 ], [ -73.930803477927498, 40.8427742492281 ], [ -73.930811626467005, 40.842726257391703 ], [ -73.930896084338997, 40.842546624565102 ], [ -73.930976312738693, 40.842408716961401 ], [ -73.931223731261397, 40.841939482112601 ], [ -73.931360321971795, 40.841696624360303 ], [ -73.931530729324905, 40.841393659215598 ], [ -73.9318360474321, 40.840845257107098 ], [ -73.932163449163696, 40.840263351983403 ], [ -73.932796990697994, 40.839132033227401 ], [ -73.932961165226203, 40.838794064972802 ], [ -73.933100614295796, 40.838551758856397 ], [ -73.933169496593905, 40.838429964883503 ], [ -73.933268130126905, 40.8382585549505 ], [ -73.933358276458094, 40.838096153647001 ], [ -73.933419505041797, 40.837980163481198 ], [ -73.933467974676404, 40.837899608445703 ], [ -73.933532603049301, 40.837774588964997 ], [ -73.9336397398488, 40.837587705059299 ], [ -73.933776610868904, 40.837379568286003 ], [ -73.933910961726397, 40.837141138061199 ], [ -73.934016413067496, 40.836942646094897 ], [ -73.934104013687005, 40.836774451918998 ], [ -73.934199665399007, 40.836581076217897 ], [ -73.934285910976001, 40.836392126248001 ], [ -73.934313886630704, 40.836326786747598 ], [ -73.934362760106893, 40.8362090586566 ], [ -73.934453827040102, 40.8359892431669 ], [ -73.934468412171896, 40.835966040009097 ], [ -73.934455205406394, 40.835943546102797 ], [ -73.934450208704206, 40.835919717507302 ], [ -73.934469848420207, 40.835883352146801 ], [ -73.934511237948499, 40.835859756662501 ], [ -73.934540132441001, 40.835824510617499 ], [ -73.934546941032906, 40.835805410219599 ], [ -73.934551987061695, 40.835777775487102 ], [ -73.934567809737402, 40.8357520966794 ], [ -73.934594043730797, 40.835740244748798 ], [ -73.934601722933607, 40.835717807011598 ], [ -73.934620568025096, 40.835693039565001 ], [ -73.934643072179995, 40.835688202333799 ], [ -73.934675069255803, 40.835664434239298 ], [ -73.934676542261101, 40.835634960241897 ], [ -73.934709005731605, 40.835606319968299 ], [ -73.934735365629905, 40.8355958505689 ], [ -73.934754215646905, 40.835568223636699 ], [ -73.9347580060941, 40.835540588183797 ], [ -73.9347818954583, 40.8354919973034 ], [ -73.934775676285099, 40.835435765547999 ], [ -73.934774441753405, 40.835415750931801 ], [ -73.934788273437306, 40.835386215235303 ], [ -73.9348221629931, 40.8353757512455 ], [ -73.934849568874597, 40.835359715087399 ], [ -73.934871283838802, 40.8353409980067 ], [ -73.934896033583797, 40.835262325981702 ], [ -73.934916768955603, 40.835239104792898 ], [ -73.934937641451199, 40.8350885004755 ], [ -73.9349436917188, 40.835035158230603 ], [ -73.934960028831, 40.834891061829303 ], [ -73.934980845249001, 40.834797404219103 ], [ -73.934989764570105, 40.834756940650998 ], [ -73.934952304933205, 40.834714956118098 ], [ -73.934959192990206, 40.834691043108897 ], [ -73.934966663305801, 40.834665130693899 ], [ -73.934967674790798, 40.8346374058805 ], [ -73.934974593762405, 40.834629917774699 ], [ -73.934973623884702, 40.834616427527997 ], [ -73.934995330522398, 40.834605948910699 ], [ -73.935032036395, 40.834400648027497 ], [ -73.935037557428203, 40.834306603011001 ], [ -73.935032674332504, 40.834257145507699 ], [ -73.935043558056293, 40.834219681884903 ], [ -73.935077878170205, 40.833932325880198 ], [ -73.935071014118805, 40.833895600590999 ], [ -73.935084846773705, 40.833873879511103 ], [ -73.935098307854204, 40.833723639343802 ], [ -73.935098337824698, 40.833692914455497 ], [ -73.935105275689693, 40.833665939457902 ], [ -73.935113884123297, 40.833434021567903 ], [ -73.935118863601502, 40.8333853172687 ], [ -73.935121850162901, 40.833362086050201 ], [ -73.935133691611398, 40.833353105382997 ], [ -73.935127793539607, 40.833334362830797 ], [ -73.935130788128902, 40.8333028919482 ], [ -73.935125868646196, 40.833289400650997 ], [ -73.935139701311002, 40.8332684267194 ], [ -73.935138724397802, 40.833249695646202 ], [ -73.935131836122594, 40.8332369497288 ], [ -73.935122982848497, 40.833209975227 ], [ -73.935124962609805, 40.833197981956801 ], [ -73.935117092031405, 40.833184487826301 ], [ -73.935133869139307, 40.833171008062699 ], [ -73.935140791591806, 40.8331597734403 ], [ -73.935128956904194, 40.833150771247702 ], [ -73.935126092949403, 40.833059351450103 ], [ -73.935123151634798, 40.833036872764097 ], [ -73.9351172425594, 40.833030124588298 ], [ -73.935113311919594, 40.833011383141098 ], [ -73.935121226753196, 40.832991910582003 ], [ -73.935119263301999, 40.832975421429197 ], [ -73.9351252007977, 40.832953695396903 ], [ -73.935122288566603, 40.832912478663303 ], [ -73.935133138280605, 40.8329109800653 ], [ -73.935145984243903, 40.832893004424101 ], [ -73.935168686052904, 40.832883274660801 ], [ -73.935166241513798, 40.8328611656449 ], [ -73.935158024825299, 40.832690688584897 ], [ -73.935130214379399, 40.832371816763199 ], [ -73.935115416473593, 40.832374059124398 ], [ -73.935079325482903, 40.831949905816998 ], [ -73.935097084875693, 40.831950663472199 ], [ -73.935089270305198, 40.831867480539202 ], [ -73.935069682744697, 40.831712349785299 ], [ -73.935042463263798, 40.8314825651698 ], [ -73.934864915589401, 40.830066623252797 ], [ -73.934832304897, 40.829816718849202 ], [ -73.934800251858306, 40.829800590944998 ], [ -73.934802239569706, 40.829781115046501 ], [ -73.934791395584597, 40.829776605867799 ], [ -73.934794371076407, 40.829764622038098 ], [ -73.9347825436504, 40.829748874953097 ], [ -73.934771715084295, 40.8297286434765 ], [ -73.934760875726994, 40.829708402778898 ], [ -73.934764865664604, 40.829665685718801 ], [ -73.934745158687207, 40.8296454493846 ], [ -73.934740741080205, 40.829617343208199 ], [ -73.934750627701504, 40.829605362619802 ], [ -73.934738806267703, 40.829582870677598 ], [ -73.934724034040499, 40.8295588817438 ], [ -73.934727009760607, 40.829535651016997 ], [ -73.934716193014097, 40.829503425317398 ], [ -73.934702435272797, 40.8294487120274 ], [ -73.934695559818195, 40.829424737444199 ], [ -73.934714318356299, 40.829409007666499 ], [ -73.934706481766298, 40.829349056400901 ], [ -73.934694649435102, 40.8293370553098 ], [ -73.934677403751095, 40.829321683414001 ], [ -73.934663722598302, 40.829189041626698 ], [ -73.934684459750301, 40.829174069513101 ], [ -73.934709126758506, 40.829166590964299 ], [ -73.934702240536595, 40.829140355803602 ], [ -73.934682512632904, 40.829141839952499 ], [ -73.934678581522803, 40.829124610215402 ], [ -73.934671684939204, 40.829120851590901 ], [ -73.934655908894399, 40.8291058581231 ], [ -73.934651025802495, 40.829056400559999 ], [ -73.9346633646947, 40.829047041947398 ], [ -73.9346643849656, 40.829022315462097 ], [ -73.9346663924224, 40.828981847964002 ], [ -73.934657542929301, 40.828951118020498 ], [ -73.934656588066503, 40.828921140209602 ], [ -73.934637851216806, 40.8289151412745 ], [ -73.934617836114597, 40.828701937380302 ], [ -73.934613145321805, 40.828698116845899 ], [ -73.934604035909203, 40.828690682320499 ], [ -73.934610269099807, 40.828669470263399 ], [ -73.934611957740103, 40.828663717772002 ], [ -73.934609482603605, 40.828661644597602 ], [ -73.934602091120894, 40.828655463791499 ], [ -73.934600169070606, 40.8286090055784 ], [ -73.934603353848402, 40.828600830866399 ], [ -73.934613028198498, 40.8285760367488 ], [ -73.934610607117705, 40.828529956521798 ], [ -73.934611609827201, 40.828511217840202 ], [ -73.934613622670398, 40.828465510187399 ], [ -73.934605767554501, 40.828436284330202 ], [ -73.934608746285804, 40.828409307093899 ], [ -73.934601864507499, 40.828390563941099 ], [ -73.934609778206806, 40.8283718385592 ], [ -73.934598938303097, 40.828353101873098 ], [ -73.934601917529505, 40.8283366155013 ], [ -73.934595033052901, 40.8283096326712 ], [ -73.934588174118204, 40.828267665993103 ], [ -73.934597061786604, 40.828259431358603 ], [ -73.934588194743895, 40.828246684275598 ], [ -73.934593137388305, 40.828235449056599 ], [ -73.934599072355496, 40.828216713171301 ], [ -73.934590205308993, 40.828203975469698 ], [ -73.934588275040994, 40.828165001054501 ], [ -73.934566562729898, 40.828170985431903 ], [ -73.9345595344206, 40.828125684254204 ], [ -73.934547295274001, 40.828056442927497 ], [ -73.934543738992801, 40.828035151772397 ], [ -73.9345340214104, 40.827976839809999 ], [ -73.934523188978105, 40.827916081528102 ], [ -73.934540413943395, 40.827911754105997 ], [ -73.934533263524898, 40.827857683468402 ], [ -73.934522197869796, 40.827773971059997 ], [ -73.934517339308897, 40.8277372121605 ], [ -73.9344253959041, 40.827051175243199 ], [ -73.934484343119706, 40.827045374046698 ], [ -73.934465698009205, 40.826850486424 ], [ -73.934429876485197, 40.826476131749999 ], [ -73.934368611975202, 40.825835879194102 ], [ -73.934357866939095, 40.825829218179003 ], [ -73.934327175263206, 40.825240871215101 ], [ -73.934296739654599, 40.824657512030498 ], [ -73.934295149022603, 40.824504667695201 ], [ -73.934274286715393, 40.824447233518796 ], [ -73.934247861232606, 40.8241751637524 ], [ -73.934219780283399, 40.823807326434398 ], [ -73.934167377496394, 40.823086861376197 ], [ -73.934148008850499, 40.823037312546703 ], [ -73.9341474760013, 40.823028899675002 ], [ -73.934135168416006, 40.822808936428899 ], [ -73.934122693799495, 40.822655533666797 ], [ -73.934118958267206, 40.822532613087098 ], [ -73.934103765779597, 40.8222094972527 ], [ -73.934101299494301, 40.822148192665203 ], [ -73.934099870108597, 40.822112507660997 ], [ -73.9340925572738, 40.822004318286403 ], [ -73.934080879319495, 40.821813856055698 ], [ -73.934075775626297, 40.8217253793526 ], [ -73.934078773028901, 40.821702842007902 ], [ -73.934071487293707, 40.821567601145802 ], [ -73.934045906799994, 40.821184983712101 ], [ -73.934047429823494, 40.821142157152103 ], [ -73.934037036450604, 40.820960827376702 ], [ -73.934028055353593, 40.8208250898209 ], [ -73.934005328131903, 40.820406120171 ], [ -73.934002124044795, 40.820346477149997 ], [ -73.933984388998894, 40.820008200111602 ], [ -73.933988078349401, 40.819976314628697 ], [ -73.933973847235094, 40.819737854623 ], [ -73.933831523514797, 40.819728023290097 ], [ -73.933832200272803, 40.819604937816202 ], [ -73.933831438823205, 40.819499375403403 ], [ -73.933829206075799, 40.819423774719802 ], [ -73.933827573231795, 40.819364709539897 ], [ -73.933801626515603, 40.818358038467601 ], [ -73.933794778005904, 40.817784888061503 ], [ -73.933791405701101, 40.817159653061402 ], [ -73.933807330494005, 40.816520772481297 ], [ -73.933830440472505, 40.815593639239601 ], [ -73.933947519917496, 40.815595903787703 ], [ -73.933947531000598, 40.815584736611001 ], [ -73.933943133123194, 40.815573577965097 ], [ -73.933950490238303, 40.815564648600798 ], [ -73.933951973176704, 40.815551259049499 ], [ -73.933943166363093, 40.815540087994101 ], [ -73.933943181870006, 40.815524464500598 ], [ -73.933953488239894, 40.815505497249902 ], [ -73.933954968969601, 40.815494331417398 ], [ -73.933935888749104, 40.815479813535099 ], [ -73.933947663931406, 40.815450796996402 ], [ -73.933940354413906, 40.815424003295703 ], [ -73.933950644209105, 40.815409502238602 ], [ -73.933947715999196, 40.815398333880403 ], [ -73.933958022563402, 40.815380483179801 ], [ -73.933949962777206, 40.815356481012998 ], [ -73.933949986040304, 40.815333040495098 ], [ -73.933950015951893, 40.815302900675903 ], [ -73.933954452567804, 40.815275005863803 ], [ -73.933955953227297, 40.815243751006001 ], [ -73.933945695422807, 40.815213604790699 ], [ -73.933950134471203, 40.815183476878097 ], [ -73.933948684777206, 40.815163376959603 ], [ -73.933964876951606, 40.815137721981799 ], [ -73.933969314666697, 40.815108701906901 ], [ -73.933964936760503, 40.815077443011504 ], [ -73.933970845218695, 40.815047306055 ], [ -73.933987091216295, 40.814955789344303 ], [ -73.933990800946205, 40.814920635945903 ], [ -73.933983468491803, 40.814903891693099 ], [ -73.933984959171099, 40.814882676404103 ], [ -73.9339761668232, 40.814857007116302 ], [ -73.933983538243197, 40.8148335719766 ], [ -73.933974758096596, 40.814795610751403 ], [ -73.933992406743698, 40.814783347004699 ], [ -73.933979195785099, 40.814766590004403 ], [ -73.933990973649003, 40.814746506537098 ], [ -73.933996870991294, 40.814727536755903 ], [ -73.933982188187599, 40.8147130213965 ], [ -73.933983679960704, 40.814690699440497 ], [ -73.933986671257898, 40.814638238000803 ], [ -73.933977882273794, 40.814609209679801 ], [ -73.933967641111806, 40.814573490099299 ], [ -73.933992651397602, 40.814536665273899 ], [ -73.934016198888798, 40.814492031455103 ], [ -73.933857957956306, 40.814489753254598 ], [ -73.933863741283901, 40.814257575110297 ], [ -73.933865346045806, 40.8142010160621 ], [ -73.933866534169994, 40.814161436726501 ], [ -73.933870710016095, 40.814109453577103 ], [ -73.933873757037404, 40.814071543013803 ], [ -73.933931277524707, 40.813355969244903 ], [ -73.9339832213752, 40.812822914050301 ], [ -73.934009133552195, 40.812616777161097 ], [ -73.934039870675207, 40.812349158481403 ], [ -73.934094498410502, 40.811976680866501 ], [ -73.934138545650498, 40.811720649208603 ], [ -73.934197018980896, 40.811401455912502 ], [ -73.934283709496299, 40.810831328613702 ], [ -73.934305605448998, 40.8104899441527 ], [ -73.934315836535205, 40.810330542917299 ], [ -73.934342241161403, 40.809935860677498 ], [ -73.934340077271202, 40.8095704916879 ], [ -73.934215341523, 40.809067451555201 ], [ -73.934197823303705, 40.809040129340303 ], [ -73.934136757548998, 40.808744668216399 ], [ -73.934122166141904, 40.8086647296645 ], [ -73.933562624170193, 40.807608954886902 ], [ -73.933329954582106, 40.807327223916303 ], [ -73.933260526336497, 40.807245522646397 ], [ -73.933185387305699, 40.807164475223601 ], [ -73.933175566298701, 40.807153668374703 ], [ -73.933086148365007, 40.807035192106802 ], [ -73.932934314102695, 40.806879299513398 ], [ -73.932632313369396, 40.806561211234801 ], [ -73.932391601792602, 40.806307418255301 ], [ -73.931545604618606, 40.805406060466801 ], [ -73.931497472843105, 40.805359430839403 ], [ -73.931476926173204, 40.805336370067003 ], [ -73.931468502128894, 40.805314246427997 ], [ -73.931450344516904, 40.805305922885601 ], [ -73.931433416112398, 40.805290235012002 ], [ -73.931410472332701, 40.8052551909269 ], [ -73.931392331237106, 40.8052413467734 ], [ -73.9313065453848, 40.8051398835564 ], [ -73.931270902574298, 40.805098830802201 ], [ -73.931160929998995, 40.804975217331801 ], [ -73.931128317705898, 40.804930955059199 ], [ -73.931115519354407, 40.804912627571603 ], [ -73.931099338544598, 40.804889454584298 ], [ -73.931075183984206, 40.804855328077203 ], [ -73.9310353310143, 40.8048027592544 ], [ -73.931029307488302, 40.804790771597197 ], [ -73.930977975375498, 40.804723909538701 ], [ -73.930976783016007, 40.804713776422503 ], [ -73.930959862152093, 40.804695322312803 ], [ -73.930935721623001, 40.804661195783801 ], [ -73.930910795193, 40.804627670527601 ], [ -73.930829443234501, 40.804518243797403 ], [ -73.930807711127699, 40.804482284791597 ], [ -73.930717733111607, 40.804363774297897 ], [ -73.930711716969995, 40.804349021630699 ], [ -73.930697205196907, 40.804334265028999 ], [ -73.930688762698594, 40.8043185896829 ], [ -73.930640458085193, 40.804254029907 ], [ -73.930633225521305, 40.804238356457297 ], [ -73.930611470910193, 40.8042152926215 ], [ -73.930574041977707, 40.8041608811468 ], [ -73.930574067459503, 40.804151668805197 ], [ -73.930543862943495, 40.804115695263398 ], [ -73.930444231965694, 40.803982426999703 ], [ -73.9304067994657, 40.803928942548701 ], [ -73.930354880327698, 40.803856081622101 ], [ -73.930334350446699, 40.803827490488302 ], [ -73.930310194369099, 40.803794292236397 ], [ -73.930280035443403, 40.8037426560849 ], [ -73.930263143711002, 40.803714070991099 ], [ -73.930193184335096, 40.803591442023098 ], [ -73.930184724253905, 40.803582224039602 ], [ -73.930061636614397, 40.803369924954502 ], [ -73.930014042685798, 40.803295775209897 ], [ -73.929975165824104, 40.8032047447388 ], [ -73.929980051408805, 40.8031985221483 ], [ -73.930046038705399, 40.803114388515297 ], [ -73.930010740544503, 40.803048411890103 ], [ -73.929984313906004, 40.802993029217198 ], [ -73.929911515696006, 40.802872827952001 ], [ -73.929890910418607, 40.802838634155101 ], [ -73.929788109547204, 40.802669025383999 ], [ -73.929693941648097, 40.802448562574597 ], [ -73.9295783678444, 40.802188301795503 ], [ -73.929521868708306, 40.802061756172598 ], [ -73.929455092728205, 40.801915645366797 ], [ -73.929437970572707, 40.801869988379899 ], [ -73.929355789332703, 40.801679526926002 ], [ -73.929332699053404, 40.801607130465598 ], [ -73.9293036332881, 40.801504077804601 ], [ -73.929276306183795, 40.801381466665298 ], [ -73.929209605228095, 40.801155797002103 ], [ -73.929119817379799, 40.801121279613497 ], [ -73.929036331611897, 40.801089180235699 ], [ -73.929028143266194, 40.800978136676697 ], [ -73.929022665039597, 40.800903848909698 ], [ -73.929017875608196, 40.800838991877697 ], [ -73.929009310387499, 40.800780625449804 ], [ -73.929001377838503, 40.8007183740052 ], [ -73.928987616794103, 40.800610399411298 ], [ -73.9289549157115, 40.800317644720501 ], [ -73.928939065808393, 40.8001791199869 ], [ -73.928902952533406, 40.799863490811497 ], [ -73.928920854231094, 40.799466462562002 ], [ -73.928945398517598, 40.798919864898203 ], [ -73.928972639039998, 40.798267136916401 ], [ -73.929037830743397, 40.796770869640397 ], [ -73.9290560392364, 40.796702709392498 ], [ -73.929280796381605, 40.795861414873301 ], [ -73.929309161734395, 40.795818533298899 ], [ -73.929532009598503, 40.795516073625599 ], [ -73.929684371576698, 40.7953045089927 ], [ -73.929747375996499, 40.795217023444302 ], [ -73.929876286893204, 40.795043431900098 ], [ -73.929843876633996, 40.795023313024899 ], [ -73.929852873054799, 40.795009675594599 ], [ -73.929810982586901, 40.794991441460603 ], [ -73.929833969517503, 40.794957336297202 ], [ -73.929888835630194, 40.794975567762002 ], [ -73.929902826998202, 40.794955099516102 ], [ -73.929917790325106, 40.794957387290502 ], [ -73.929938782469605, 40.794927061431302 ], [ -73.929921824128996, 40.794917947475703 ], [ -73.930070239508296, 40.794709103705003 ], [ -73.930109139447595, 40.794721266164302 ], [ -73.930198073116301, 40.7946014994263 ], [ -73.930421234051195, 40.794479147390902 ], [ -73.9311155099046, 40.794104776288599 ], [ -73.931429015121097, 40.793936263283598 ], [ -73.931659640665202, 40.793810015307102 ], [ -73.931794354849501, 40.793736236639901 ], [ -73.931876431387394, 40.7936901966806 ], [ -73.932011444280505, 40.7936137609871 ], [ -73.932080289945901, 40.793574783641098 ], [ -73.9323527184971, 40.7934221199191 ], [ -73.932510639348806, 40.793340176290798 ], [ -73.9325399564094, 40.793324956877598 ], [ -73.932673821208098, 40.793256507496999 ], [ -73.932878556508498, 40.793138526061803 ], [ -73.933108262101101, 40.793003602869 ], [ -73.9332473040091, 40.792922570667898 ], [ -73.933272750281205, 40.792907737986603 ], [ -73.933486326577295, 40.792782445935501 ], [ -73.933729335234105, 40.792609752931703 ], [ -73.933889282899699, 40.792497751550201 ], [ -73.934071407558704, 40.792366568273998 ], [ -73.934273647495402, 40.792225590264302 ], [ -73.934341758234396, 40.792176242509001 ], [ -73.934511855901903, 40.792059569072002 ], [ -73.934740246324196, 40.791909043093298 ], [ -73.935055491147295, 40.791694505693599 ], [ -73.9351090754989, 40.791657163025597 ], [ -73.935173255116595, 40.791613013882497 ], [ -73.9352695284107, 40.7915363000971 ], [ -73.935266438514901, 40.791534037777502 ] ] ], [ [ [ -73.927708369824899, 40.797306939070097 ], [ -73.927384064700107, 40.797385338795202 ], [ -73.927368185054206, 40.797355096056698 ], [ -73.927204426101, 40.797395023525297 ], [ -73.927186576173199, 40.797358172499102 ], [ -73.927356282859705, 40.7973248564927 ], [ -73.927348350965303, 40.797302177822701 ], [ -73.927672654745905, 40.797225289942098 ], [ -73.927708369824899, 40.797306939070097 ] ] ], [ [ [ -73.9270683948303, 40.8005512884734 ], [ -73.927170758794801, 40.800414130013301 ], [ -73.926667083860295, 40.800190990327401 ], [ -73.926697154697493, 40.8001552539382 ], [ -73.927249136487106, 40.800401233680901 ], [ -73.927116070868394, 40.800572032579502 ], [ -73.9270683948303, 40.8005512884734 ] ] ], [ [ [ -73.926738267962605, 40.800419747815297 ], [ -73.926726690595999, 40.800415615155899 ], [ -73.926722340116399, 40.800422487278098 ], [ -73.926539892924495, 40.800342175136102 ], [ -73.9265549449037, 40.800323449242498 ], [ -73.926744067363003, 40.800411775304497 ], [ -73.926738267962605, 40.800419747815297 ] ] ], [ [ [ -73.926833055890995, 40.800773805414103 ], [ -73.926870515291199, 40.8007919532009 ], [ -73.926996741559506, 40.800644452472703 ], [ -73.927047831524504, 40.800660019400901 ], [ -73.926887488725498, 40.8008489247811 ], [ -73.926510977046703, 40.800665307914002 ], [ -73.926553846468593, 40.800613101972601 ], [ -73.926846712782506, 40.800747923106599 ], [ -73.926833055890995, 40.800773805414103 ] ] ], [ [ [ -73.923667911489204, 40.878871788284201 ], [ -73.923679171129706, 40.878873917907796 ], [ -73.923663625439303, 40.878919875179598 ], [ -73.923653767087302, 40.878919868658798 ], [ -73.923631171717801, 40.878972235035498 ], [ -73.9235931577321, 40.878960451123902 ], [ -73.923612934723096, 40.878909152186502 ], [ -73.923598852403202, 40.878907004773303 ], [ -73.923618624117097, 40.878861050306902 ], [ -73.923625663713295, 40.878863193057498 ], [ -73.923638385099196, 40.878823647695 ], [ -73.923680625337994, 40.878834366262197 ], [ -73.923667911489204, 40.878871788284201 ] ] ] ] } }
]
}
