{
"type": "FeatureCollection",
"name": "south_of_central_park_combined",
"crs": { "type": "name", "properties": { "name": "urn:ogc:def:crs:OGC:1.3:CRS84" } },
"features": [
{ "type": "Feature", "properties": { "OBJECTID": 119, "BoroCode": 1, "BoroName": "Manhattan", "CountyFIPS": "061", "NTA2020": "MN0101", "NTAName": "Financial District-Battery Park City", "NTAAbbrev": "FiDi", "NTAType": 0, "CDTA2020": "MN01", "CDTAName": "MN01 Financial District-Tribeca (CD 1 Equivalent)", "Shape__Area": 19226830.506528199, "Shape__Length": 43602.534163505545 }, "geometry": { "type": "MultiPolygon", "coordinates": [ [ [ [ -74.008599481030402, 40.686260815191098 ], [ -74.008355912986005, 40.6864084513943 ], [ -74.008165592868494, 40.686182968267602 ], [ -74.008426609182905, 40.686023783510798 ], [ -74.0085143896017, 40.685970800138499 ], [ -74.008602172081694, 40.6859178156935 ], [ -74.010929861053, 40.684499723221997 ], [ -74.011934047768094, 40.683895999680402 ], [ -74.012177414894396, 40.684103436186099 ], [ -74.008787349096195, 40.686154853377602 ], [ -74.008697046656394, 40.686201569103702 ], [ -74.008599481030402, 40.686260815191098 ] ] ], [ [ [ -74.005631310119298, 40.686792457358102 ], [ -74.007834385223703, 40.687393306517698 ], [ -74.007421569015406, 40.688214541966403 ], [ -74.005005179815299, 40.687614236898398 ], [ -74.005631310119298, 40.686792457358102 ] ] ], [ [ [ -74.015176272288798, 40.6932649325841 ], [ -74.015190792357103, 40.693206855779799 ], [ -74.015256193507796, 40.693215143419998 ], [ -74.015310610143203, 40.693055295094403 ], [ -74.015260960632801, 40.6930450664345 ], [ -74.015127825883695, 40.693185683750798 ], [ -74.015166831751401, 40.693205540332201 ], [ -74.015130233190305, 40.693252048082201 ], [ -74.015049348848194, 40.693207998642499 ], [ -74.014944600516202, 40.693149274164902 ], [ -74.014985629993006, 40.693114769906501 ], [ -74.015041188937403, 40.693146551990999 ], [ -74.015157571836994, 40.693023767596301 ], [ -74.014222680779994, 40.692831158038601 ], [ -74.0134795475077, 40.692146722180702 ], [ -74.0134473447349, 40.6921260369378 ], [ -74.013405251481799, 40.6921245718381 ], [ -74.012504036101205, 40.6923118326185 ], [ -74.012524347628499, 40.692347284576499 ], [ -74.012410338274194, 40.692501779676199 ], [ -74.0123930652653, 40.692524800310302 ], [ -74.012351575232799, 40.692556634637697 ], [ -74.012298764225307, 40.6925765070498 ], [ -74.012119605388506, 40.6926146179459 ], [ -74.012118716895202, 40.692614806842897 ], [ -74.012105041096802, 40.692617717228899 ], [ -74.012045141018902, 40.6926100688517 ], [ -74.0118506495388, 40.692526449970998 ], [ -74.011850342227405, 40.692526125501999 ], [ -74.011813305611298, 40.692487587278599 ], [ -74.011800261438097, 40.692452846944903 ], [ -74.011785194142604, 40.692413018673399 ], [ -74.011752419432, 40.692326365777703 ], [ -74.011751779975896, 40.692324664099303 ], [ -74.011751791629806, 40.692324600940204 ], [ -74.011758939621004, 40.692271991735502 ], [ -74.011835916390794, 40.692167308173801 ], [ -74.011839783838496, 40.692162049424503 ], [ -74.011840457384594, 40.6921611297971 ], [ -74.011866136200894, 40.692126214767498 ], [ -74.011904546370204, 40.692098835642703 ], [ -74.011912637827194, 40.692097096205401 ], [ -74.011970381751993, 40.692084726687 ], [ -74.012137756925, 40.692048895972398 ], [ -74.012138774379196, 40.692048670205601 ], [ -74.0121443823801, 40.692047471792598 ], [ -74.012150309063998, 40.692046201476401 ], [ -74.012202590401003, 40.692053157211497 ], [ -74.012325756174107, 40.692099439622602 ], [ -74.012360967738203, 40.692116022402402 ], [ -74.012391459599101, 40.692131337161896 ], [ -74.012410035444901, 40.692142492655201 ], [ -74.012430719910498, 40.6921624910212 ], [ -74.012462850982104, 40.692220877057601 ], [ -74.012541274171198, 40.692205225996602 ], [ -74.012560439515795, 40.692201405955601 ], [ -74.0128297097136, 40.692147688056103 ], [ -74.013224830082393, 40.692067442739202 ], [ -74.013243403964097, 40.692063668219802 ], [ -74.013249295207601, 40.692062469720398 ], [ -74.013286607513393, 40.692055621084002 ], [ -74.013304589806495, 40.6920509007631 ], [ -74.013312681158993, 40.692047748300901 ], [ -74.013319494335903, 40.692044154551297 ], [ -74.013325126169704, 40.692040074605899 ], [ -74.013327515063096, 40.692037831304198 ], [ -74.013329632773505, 40.692035453509398 ], [ -74.0133320920703, 40.6920319778676 ], [ -74.013334091094094, 40.692028222173199 ], [ -74.013336502631105, 40.6920203516218 ], [ -74.013336844539197, 40.692016461092301 ], [ -74.013336607848899, 40.692012715038501 ], [ -74.013335779367395, 40.692009176619798 ], [ -74.0133343824333, 40.692005889055601 ], [ -74.013326914798597, 40.6919934545259 ], [ -74.013317659949905, 40.691980749478198 ], [ -74.013276269169197, 40.691943598851502 ], [ -74.013267654172594, 40.691935432546998 ], [ -74.013266210743495, 40.6919340548002 ], [ -74.013256736560393, 40.691925069049802 ], [ -74.013188014918001, 40.691966180979101 ], [ -74.0129137369603, 40.691698982854803 ], [ -74.012929453385894, 40.691684356445798 ], [ -74.012861320510297, 40.691611242368701 ], [ -74.012898333735194, 40.691585147499502 ], [ -74.012896632987704, 40.691583535405996 ], [ -74.012876647777802, 40.6915645822478 ], [ -74.012866922087099, 40.691555353242997 ], [ -74.012817401259895, 40.691508378710502 ], [ -74.012755817747703, 40.691484719620497 ], [ -74.012652166951995, 40.691407711153602 ], [ -74.012626566282506, 40.691416989123603 ], [ -74.012610017920395, 40.691372356094803 ], [ -74.012585796279097, 40.691378901699402 ], [ -74.012585798679297, 40.691391614352803 ], [ -74.012546500823007, 40.691399845248199 ], [ -74.012556331426495, 40.691431253731601 ], [ -74.012533735253697, 40.691437238600798 ], [ -74.012520956827103, 40.691405083431398 ], [ -74.012035625316798, 40.691511328700699 ], [ -74.012018915736604, 40.6914664595582 ], [ -74.012598980846803, 40.691342587506703 ], [ -74.012529281387202, 40.6911545892658 ], [ -74.012184999887197, 40.691144467878502 ], [ -74.012188269926696, 40.691086276196998 ], [ -74.011827202607506, 40.691073068152598 ], [ -74.011829928631002, 40.691019609690201 ], [ -74.012196450074597, 40.6910370994852 ], [ -74.012196978759604, 40.691028825582698 ], [ -74.012211623271099, 40.690799948670701 ], [ -74.012085593087093, 40.690788874172199 ], [ -74.012083773365006, 40.690768133792098 ], [ -74.012054704098503, 40.690747395767701 ], [ -74.012000208759801, 40.6907584634709 ], [ -74.011989311906305, 40.690780587949902 ], [ -74.011972962274896, 40.690779207383201 ], [ -74.011987481856707, 40.690705919973198 ], [ -74.011994740760002, 40.690658905646501 ], [ -74.011982016692002, 40.690614659112903 ], [ -74.012051047608097, 40.690618800386197 ], [ -74.0120583033857, 40.690562106317699 ], [ -74.012100083433097, 40.690555188407501 ], [ -74.012109162809907, 40.690537211418899 ], [ -74.012129146245698, 40.690537209314002 ], [ -74.012143665131305, 40.690462539612902 ], [ -74.012232760619995, 40.690469582578999 ], [ -74.012308332148606, 40.689288434507198 ], [ -74.012704658441507, 40.688798791276703 ], [ -74.012755961243798, 40.688728807682097 ], [ -74.013170713339207, 40.688163022019303 ], [ -74.013266316396496, 40.688130681405703 ], [ -74.013331649138905, 40.688101417349003 ], [ -74.013420038898303, 40.688060449105102 ], [ -74.013473888566395, 40.688020309246298 ], [ -74.0148824295553, 40.687262822073301 ], [ -74.016048755578794, 40.687346257858003 ], [ -74.016099342482207, 40.687322843339501 ], [ -74.0165207261078, 40.687127802145703 ], [ -74.0169829190976, 40.686915635421897 ], [ -74.017051316568597, 40.686884238348298 ], [ -74.016717277063293, 40.686453844568803 ], [ -74.016648091167099, 40.686424598089197 ], [ -74.015153066590699, 40.686533052971399 ], [ -74.015149761741199, 40.6864954181722 ], [ -74.0151485969444, 40.686482142436297 ], [ -74.015145360719998, 40.686445284955603 ], [ -74.016621162637307, 40.686328055678899 ], [ -74.016674965621306, 40.6863134193867 ], [ -74.016782589930003, 40.6863572887572 ], [ -74.016774914991302, 40.686407025795198 ], [ -74.017122441507794, 40.686851588057003 ], [ -74.020158017908301, 40.685458037838302 ], [ -74.020545124428494, 40.685280318420801 ], [ -74.020208318468505, 40.684842082995203 ], [ -74.020164240766704, 40.684841267833001 ], [ -74.019461025037799, 40.6851632084323 ], [ -74.019399875039198, 40.685095654545997 ], [ -74.020954001677794, 40.684392681953597 ], [ -74.021010230589994, 40.684461789402299 ], [ -74.020290451309293, 40.684792698324102 ], [ -74.020279649849599, 40.684817385587898 ], [ -74.020614123875902, 40.6852486406842 ], [ -74.021063714945996, 40.685049275131803 ], [ -74.021840547134502, 40.684704790883401 ], [ -74.022242240980404, 40.684526657886799 ], [ -74.022183821779905, 40.684456440252099 ], [ -74.022190143565794, 40.684453376963397 ], [ -74.022119995780201, 40.684360201060599 ], [ -74.022138383872402, 40.684352322218601 ], [ -74.022209106495893, 40.684445497999299 ], [ -74.022256228590194, 40.6844271137956 ], [ -74.022185506065796, 40.684334374955597 ], [ -74.022199871067997, 40.6843264968794 ], [ -74.022272316893606, 40.684417047801603 ], [ -74.022280936997703, 40.684414420975003 ], [ -74.022298761534799, 40.684437605353203 ], [ -74.022328643319298, 40.684426224098402 ], [ -74.022339567246902, 40.6844384719316 ], [ -74.022309685750599, 40.684452040764803 ], [ -74.0223369810587, 40.684484643880097 ], [ -74.022398777846306, 40.684457239594799 ], [ -74.022595047908993, 40.684367946194001 ], [ -74.022133953783793, 40.683775922026797 ], [ -74.023057199655099, 40.682925195389998 ], [ -74.023196080555294, 40.683008748018601 ], [ -74.022369687568002, 40.683788166932203 ], [ -74.022760442446597, 40.684292698555701 ], [ -74.023018496786094, 40.684175294460502 ], [ -74.0231365493608, 40.684132406328999 ], [ -74.023258235450498, 40.684093664487797 ], [ -74.023399220882396, 40.684049219974902 ], [ -74.023416246080401, 40.684043853282098 ], [ -74.023543056081607, 40.684011233733301 ], [ -74.023784125823099, 40.683977165994698 ], [ -74.023948806057902, 40.683957466102697 ], [ -74.024216825289301, 40.683952493569997 ], [ -74.024433182899401, 40.683962280694402 ], [ -74.024649545145394, 40.683986816710203 ], [ -74.024843309169995, 40.684021191239502 ], [ -74.024994513423096, 40.684060362132499 ], [ -74.025217922281001, 40.684102230971199 ], [ -74.025469820691995, 40.684161172680902 ], [ -74.025673290658503, 40.684244706316903 ], [ -74.025886471388404, 40.684384776971903 ], [ -74.026047985060899, 40.684522401308101 ], [ -74.026127235172893, 40.684601761605698 ], [ -74.026233836187203, 40.684708511236899 ], [ -74.026335495746693, 40.684809947923597 ], [ -74.0264421196119, 40.684959874744997 ], [ -74.026519682521098, 40.685117183401701 ], [ -74.026577862857906, 40.685249913817898 ], [ -74.026610209038196, 40.685385108312502 ], [ -74.026629644299305, 40.685535055080898 ], [ -74.026623236868204, 40.685662884468002 ], [ -74.026610363066794, 40.685771048447698 ], [ -74.026571668918294, 40.685913635088902 ], [ -74.026497454890901, 40.686063602955997 ], [ -74.026427225867195, 40.686183590295201 ], [ -74.026377669560901, 40.6862395692783 ], [ -74.0263141571087, 40.686303366761102 ], [ -74.026221707224906, 40.6863928181047 ], [ -74.026176334346104, 40.6864373227531 ], [ -74.026067303216905, 40.686538816775702 ], [ -74.025785323863801, 40.686802957026799 ], [ -74.025581171877306, 40.687005707256297 ], [ -74.0253884456327, 40.687175154978597 ], [ -74.025189395575694, 40.6873644782222 ], [ -74.025155720805799, 40.687395745224698 ], [ -74.024985979826397, 40.687553350745702 ], [ -74.024961417939807, 40.687576454439501 ], [ -74.024750488141706, 40.687795280252601 ], [ -74.024565355063203, 40.6879729093355 ], [ -74.024458305132001, 40.6880688103262 ], [ -74.024340680976707, 40.688174060484499 ], [ -74.024324538657098, 40.688188507954401 ], [ -74.024196567214005, 40.688303016549298 ], [ -74.024121429040406, 40.688376494486597 ], [ -74.023973375568801, 40.688521276414299 ], [ -74.023970701593498, 40.688523801108602 ], [ -74.023812894443097, 40.688672767350702 ], [ -74.023675817538106, 40.688800560332602 ], [ -74.023537897197997, 40.688924022065201 ], [ -74.023391793607004, 40.689057498748902 ], [ -74.023135400074096, 40.689303705457398 ], [ -74.022686111848301, 40.689725722145198 ], [ -74.022566831469803, 40.689834009742803 ], [ -74.022441191906793, 40.689948070782897 ], [ -74.022252592913702, 40.690130469963997 ], [ -74.021900874182407, 40.690451723821802 ], [ -74.021497849823504, 40.6908353018854 ], [ -74.021477812738397, 40.690854874176303 ], [ -74.0212143726813, 40.691112217265697 ], [ -74.020981414028398, 40.691332642528302 ], [ -74.020721148953598, 40.6915892367211 ], [ -74.020717643446702, 40.691592483866899 ], [ -74.020465336497494, 40.691826242885099 ], [ -74.020206726141595, 40.692042175686701 ], [ -74.019857691509301, 40.692914485317203 ], [ -74.019798517897996, 40.6930498147888 ], [ -74.0197956971097, 40.6930541976241 ], [ -74.019769093626394, 40.693088809343301 ], [ -74.019724957926798, 40.693130147308203 ], [ -74.019672053730403, 40.693165016546601 ], [ -74.019611991780707, 40.6931923554069 ], [ -74.019546600757906, 40.693211331511201 ], [ -74.019527709513099, 40.693215042435497 ], [ -74.019437104399998, 40.693229429210398 ], [ -74.019345119472902, 40.6932372407299 ], [ -74.019252576486195, 40.6932384072093 ], [ -74.019160302180097, 40.693232918227601 ], [ -74.018867257900993, 40.693225965845798 ], [ -74.018852198994793, 40.693225902475596 ], [ -74.018798557581803, 40.693225911251403 ], [ -74.018193073370597, 40.6932630525733 ], [ -74.017961845577702, 40.693277235417398 ], [ -74.017360437250801, 40.693314122441102 ], [ -74.016749011732003, 40.693351620428103 ], [ -74.015405041740806, 40.693074749512498 ], [ -74.015356114217994, 40.693233105653299 ], [ -74.015410616995993, 40.693246925410001 ], [ -74.015390648016094, 40.693306386914799 ], [ -74.015176272288798, 40.6932649325841 ] ] ], [ [ [ -74.006785831706594, 40.6888351316327 ], [ -74.006366059477799, 40.689677920491398 ], [ -74.003821834902993, 40.688937896497897 ], [ -74.0045941517876, 40.688223474617999 ], [ -74.006785831706594, 40.6888351316327 ] ] ], [ [ [ -74.042640751903605, 40.689936427045701 ], [ -74.042695267065795, 40.690005510253599 ], [ -74.043468982202398, 40.689645241152 ], [ -74.043517831546595, 40.689199284199198 ], [ -74.043642245376603, 40.688774810441998 ], [ -74.043976044759603, 40.688590657377297 ], [ -74.044386677097705, 40.6885244281941 ], [ -74.044785450521502, 40.688603910411203 ], [ -74.046276850016397, 40.689335676786001 ], [ -74.046804309171904, 40.689961506756802 ], [ -74.047477975664705, 40.689619620398098 ], [ -74.047731087451197, 40.689923569419697 ], [ -74.047587179686701, 40.689990757797801 ], [ -74.047432720952997, 40.689812140910597 ], [ -74.046893515226998, 40.6900673488311 ], [ -74.047201754004405, 40.690433066193002 ], [ -74.047111967302001, 40.690478663431499 ], [ -74.047117280092195, 40.690664056735997 ], [ -74.047184674476597, 40.690755605682199 ], [ -74.047196384837804, 40.690771514484297 ], [ -74.0472271441228, 40.690827823020101 ], [ -74.047233280866706, 40.690888626081801 ], [ -74.047214182014201, 40.690947850152902 ], [ -74.047171755260507, 40.690999579423902 ], [ -74.047134469136495, 40.691023032436597 ], [ -74.047092166203498, 40.691040884751096 ], [ -74.047046280443993, 40.691052531209202 ], [ -74.046998367293995, 40.691057577018697 ], [ -74.046173130707999, 40.691106232223703 ], [ -74.046148532133799, 40.691130896776301 ], [ -74.046071344961106, 40.691125772785902 ], [ -74.045995643952807, 40.691113206942298 ], [ -74.045861734225397, 40.691064367323499 ], [ -74.044607624349894, 40.6905817356404 ], [ -74.043879075663497, 40.690195926513297 ], [ -74.043507419900493, 40.689695610190597 ], [ -74.042736797819899, 40.690058441570301 ], [ -74.042785792049898, 40.690129227356202 ], [ -74.042705743154201, 40.690163455318697 ], [ -74.042555179200093, 40.6899710104341 ], [ -74.042640751903605, 40.689936427045701 ] ] ], [ [ [ -74.003410661860599, 40.689621513107198 ], [ -74.005760453769, 40.690244652003003 ], [ -74.005343543232996, 40.691099855147002 ], [ -74.002977099891396, 40.690434828042399 ], [ -74.003410661860599, 40.689621513107198 ] ] ], [ [ [ -74.000700503887302, 40.690620110656901 ], [ -74.004795599794505, 40.691769872694103 ], [ -74.004410859372001, 40.6925370528729 ], [ -74.001970831870807, 40.691851461254799 ], [ -74.001327069058405, 40.6914713527148 ], [ -74.000700503887302, 40.690620110656901 ] ] ], [ [ [ -74.001543175072399, 40.692794215887297 ], [ -74.001745067021901, 40.692415002258599 ], [ -74.004009406395895, 40.693216452263201 ], [ -74.003747065689893, 40.693624455701098 ], [ -74.003454931464603, 40.694059883487 ], [ -74.001271595500398, 40.693304314920397 ], [ -74.001543175072399, 40.692794215887297 ] ] ], [ [ [ -74.038231002406107, 40.698376844139197 ], [ -74.0390018969793, 40.698378142805701 ], [ -74.039341834993905, 40.698123767188797 ], [ -74.0399341798379, 40.698552675209797 ], [ -74.040257009459907, 40.698813075763098 ], [ -74.041244077309699, 40.699544993999503 ], [ -74.041749147805703, 40.699156116037301 ], [ -74.0399139471767, 40.6977102926501 ], [ -74.041661978082701, 40.696461223585302 ], [ -74.043675171981505, 40.698028656512101 ], [ -74.043638321775603, 40.698056484887097 ], [ -74.043657970293197, 40.698072343279101 ], [ -74.042705417517794, 40.6988088529557 ], [ -74.042966511781401, 40.699007614221003 ], [ -74.041100071370096, 40.700501196146703 ], [ -74.040802265352895, 40.700276802650102 ], [ -74.040313967830699, 40.700634002003198 ], [ -74.040289546128193, 40.700651866282399 ], [ -74.039951866540804, 40.700898883015498 ], [ -74.039454087607993, 40.700541412646501 ], [ -74.039384239643795, 40.700585947395297 ], [ -74.037712705811799, 40.699352292998597 ], [ -74.038099320098496, 40.699047757821802 ], [ -74.038231002406107, 40.698376844139197 ] ] ], [ [ [ -74.014150056739794, 40.7003288253932 ], [ -74.014176123161107, 40.700269144950603 ], [ -74.014222082327194, 40.700119744991703 ], [ -74.014311263514401, 40.700129549693401 ], [ -74.014311266263803, 40.700142355142901 ], [ -74.014179329702401, 40.700549727265397 ], [ -74.014166408013295, 40.700547305742496 ], [ -74.014153838251801, 40.700586120005802 ], [ -74.014290657837805, 40.700652398492998 ], [ -74.014303020662197, 40.700640465497898 ], [ -74.0142979673208, 40.7006374402484 ], [ -74.014316753080394, 40.7006192916947 ], [ -74.014319415114599, 40.700620751028502 ], [ -74.014369286277997, 40.700554376373503 ], [ -74.014449581972698, 40.700455626083702 ], [ -74.014561450229905, 40.700318040432499 ], [ -74.014576583818496, 40.7003251699849 ], [ -74.014585704904903, 40.7003167226069 ], [ -74.014583794592994, 40.700292129175601 ], [ -74.014634393844105, 40.700205683538101 ], [ -74.014672650442606, 40.7002186548266 ], [ -74.014668622659997, 40.700247634040103 ], [ -74.014655311765793, 40.700250894811496 ], [ -74.014610080546007, 40.700317962399602 ], [ -74.014609704994299, 40.700331910767702 ], [ -74.014553643754894, 40.700391234419101 ], [ -74.014494875979494, 40.700453422932299 ], [ -74.014493919414306, 40.700462922686498 ], [ -74.014486371741796, 40.700469407277197 ], [ -74.014480029789695, 40.700470335841302 ], [ -74.014410924405993, 40.700559585117901 ], [ -74.014398350345502, 40.700571735098897 ], [ -74.014396257393201, 40.700578732807003 ], [ -74.014325294068897, 40.700669558359799 ], [ -74.014644682899402, 40.700825558074598 ], [ -74.014725698914106, 40.7007225476207 ], [ -74.014772874973403, 40.700671905621697 ], [ -74.014813815732495, 40.700619103639198 ], [ -74.014860717197706, 40.700563697833502 ], [ -74.014931776734102, 40.700487523536601 ], [ -74.015000281175006, 40.700414374232899 ], [ -74.015069633349199, 40.700326511191697 ], [ -74.015099773367993, 40.700342519162199 ], [ -74.015037248002699, 40.7004290846685 ], [ -74.015024161248206, 40.700427789716798 ], [ -74.015009955816794, 40.700445963588301 ], [ -74.014994596398395, 40.7004451009824 ], [ -74.014969021349799, 40.700473668548703 ], [ -74.014976406191394, 40.700478431393201 ], [ -74.014950262455798, 40.700502667276602 ], [ -74.014944005685507, 40.7005143569693 ], [ -74.014924673515196, 40.700523445151802 ], [ -74.014918997128603, 40.700533829395297 ], [ -74.014925245262305, 40.700538592390501 ], [ -74.014938330097095, 40.700531233062698 ], [ -74.0149434421878, 40.700532097007198 ], [ -74.014887440268396, 40.700588368130099 ], [ -74.014821493444202, 40.700668873492802 ], [ -74.014728268396397, 40.700782269587698 ], [ -74.014704100907096, 40.7008073697695 ], [ -74.014675106845999, 40.700842862780199 ], [ -74.014812176210597, 40.700912085240098 ], [ -74.014829792867104, 40.700902996627804 ], [ -74.015022587298702, 40.701000757783902 ], [ -74.015143768832701, 40.700851146091203 ], [ -74.015679232755502, 40.701264274826599 ], [ -74.015794968062195, 40.701355159620398 ], [ -74.015911793329096, 40.701469202275 ], [ -74.016117541675897, 40.701639055482502 ], [ -74.016140357439397, 40.701654270962102 ], [ -74.016245941726297, 40.701760975313398 ], [ -74.016393504877598, 40.701905954908 ], [ -74.016516603830098, 40.702025552590399 ], [ -74.016534038266499, 40.702044793605197 ], [ -74.016820047338101, 40.702346829051699 ], [ -74.016898021781302, 40.702430133441801 ], [ -74.0170054193064, 40.702562789634698 ], [ -74.017138510357199, 40.702719594300902 ], [ -74.017146532092198, 40.702713604007897 ], [ -74.017253272847199, 40.702843811317301 ], [ -74.017247167417196, 40.702846711793498 ], [ -74.0172547355088, 40.702854476215599 ], [ -74.017294913734602, 40.7028956932716 ], [ -74.017319829168102, 40.702927125838997 ], [ -74.017399844888502, 40.703027394889197 ], [ -74.017441487043001, 40.7030857686362 ], [ -74.017495263232107, 40.703163097065101 ], [ -74.017541834603804, 40.703244414551698 ], [ -74.017576937254901, 40.703315757190701 ], [ -74.017597931320395, 40.703369640950903 ], [ -74.017618263831395, 40.7034315026212 ], [ -74.017627470712398, 40.703431014880003 ], [ -74.017649426743006, 40.703502854048303 ], [ -74.017661902428003, 40.703558233276702 ], [ -74.017670264759701, 40.703599567654599 ], [ -74.017772731922605, 40.703592070111497 ], [ -74.0177687528587, 40.703553435435403 ], [ -74.017879845157296, 40.7035467622065 ], [ -74.017886080565205, 40.703590037366801 ], [ -74.0178923367138, 40.703633461957502 ], [ -74.017777845607895, 40.703640812533301 ], [ -74.017772735718196, 40.703606305064703 ], [ -74.017672771891398, 40.703614681573697 ], [ -74.017684557379994, 40.703719385435299 ], [ -74.017674097509797, 40.703720045256397 ], [ -74.017678347994604, 40.703778757860398 ], [ -74.017675739185293, 40.703842621805997 ], [ -74.017667236127195, 40.703907487965999 ], [ -74.017659376538504, 40.7039409160407 ], [ -74.017644517029694, 40.703997227224598 ], [ -74.017655240688796, 40.7040066350798 ], [ -74.017656071605202, 40.7040179368393 ], [ -74.017645354641104, 40.704030500174298 ], [ -74.0176354506076, 40.704033006056299 ], [ -74.017628031330105, 40.704031755597299 ], [ -74.017571808091603, 40.704192135293098 ], [ -74.017795996969198, 40.704243151907498 ], [ -74.017857308605699, 40.704087101389 ], [ -74.017752001610006, 40.704063137671 ], [ -74.017792844782505, 40.703959167339299 ], [ -74.017819038735198, 40.703946177248802 ], [ -74.017839279362903, 40.703970920392401 ], [ -74.017809669227901, 40.704040218748098 ], [ -74.017913745055196, 40.704062751420203 ], [ -74.017944145437198, 40.703981431331002 ], [ -74.017956192288594, 40.703984040363402 ], [ -74.017845862849896, 40.7042502942463 ], [ -74.018448498680598, 40.7041706092335 ], [ -74.018660317035099, 40.704437033606403 ], [ -74.017517915412796, 40.7045888785361 ], [ -74.017482356525093, 40.704675515262302 ], [ -74.017533155803207, 40.704679126791603 ], [ -74.017549414239397, 40.704671913776302 ], [ -74.017559578454197, 40.704673975825798 ], [ -74.017571766339103, 40.704670878398403 ], [ -74.017575150747106, 40.704676038053698 ], [ -74.017568381858794, 40.704679640251399 ], [ -74.017599537127495, 40.704692526540001 ], [ -74.017635782352698, 40.704686962272397 ], [ -74.017677161157707, 40.704688933749999 ], [ -74.017688154016895, 40.704682045521402 ], [ -74.017719831157805, 40.704687952850101 ], [ -74.017734705715398, 40.704679587267201 ], [ -74.017750867817497, 40.7046835223343 ], [ -74.017767020600999, 40.704680569855803 ], [ -74.017768322276794, 40.704673184554302 ], [ -74.017785125280795, 40.704679091982698 ], [ -74.017799347648094, 40.704675156580898 ], [ -74.017807760807102, 40.704670239864498 ], [ -74.017830384954195, 40.704673184337402 ], [ -74.017841377925194, 40.704669249933197 ], [ -74.017903440289501, 40.704659902498101 ], [ -74.017911842876302, 40.704667287463899 ], [ -74.017942879997804, 40.704663837935499 ], [ -74.017945471212002, 40.704656462817603 ], [ -74.017970676052201, 40.704655472484703 ], [ -74.017980379233506, 40.704649078969702 ], [ -74.017990721265093, 40.704654986204602 ], [ -74.017999773385597, 40.704657939801102 ], [ -74.018009475233498, 40.704646619979599 ], [ -74.018025638937104, 40.704654004224999 ], [ -74.018044381785302, 40.704636291487397 ], [ -74.018055375980794, 40.704637759311503 ], [ -74.018066545619703, 40.704644080369398 ], [ -74.018114480946394, 40.704561856693701 ], [ -74.018864342591897, 40.704727861537002 ], [ -74.018888931626094, 40.704737397171499 ], [ -74.018927175985198, 40.704782016944897 ], [ -74.019343009418293, 40.706078793320799 ], [ -74.019343998619206, 40.706101927145802 ], [ -74.019223875205, 40.706581343442899 ], [ -74.019124211991695, 40.706984069136702 ], [ -74.019104007236805, 40.707008692446301 ], [ -74.019093003196403, 40.707012727990502 ], [ -74.019067623743197, 40.707022025430199 ], [ -74.019034832528305, 40.707021445685797 ], [ -74.018955046938402, 40.7070050242748 ], [ -74.018947243976797, 40.707026025755098 ], [ -74.018938857873295, 40.707042461713897 ], [ -74.018928056736996, 40.707052512605401 ], [ -74.018910668001297, 40.707072597275399 ], [ -74.018886072576905, 40.707094060366003 ], [ -74.018860882349998, 40.707108670516597 ], [ -74.0188308900225, 40.707123741476998 ], [ -74.018797901630194, 40.707136074688101 ], [ -74.018762509930298, 40.707146121368801 ], [ -74.018727722115102, 40.707151610532399 ], [ -74.018691120933795, 40.707150698601097 ], [ -74.018656932974295, 40.707149793973201 ], [ -74.018632035937102, 40.707147970620603 ], [ -74.018582236230301, 40.707132002950097 ], [ -74.018548636934696, 40.707116025109499 ], [ -74.018572626181694, 40.707088177227703 ], [ -74.018608628210998, 40.707103695816002 ], [ -74.018635622439902, 40.7071114536501 ], [ -74.018645823224006, 40.707113730701899 ], [ -74.018649414834101, 40.707089992866699 ], [ -74.018688406023898, 40.707092264073303 ], [ -74.018722604726506, 40.707089980983902 ], [ -74.0187519984744, 40.707088148142702 ], [ -74.018763392622304, 40.707084040195802 ], [ -74.018751385482602, 40.707058017316399 ], [ -74.018775383126396, 40.707052537612498 ], [ -74.018795779834704, 40.707040665991599 ], [ -74.018821571406605, 40.7070242277007 ], [ -74.018840156597193, 40.7070032244646 ], [ -74.018849749514501, 40.706991345220501 ], [ -74.018850350414596, 40.706978567157996 ], [ -74.0188125526074, 40.706974466582402 ], [ -74.018799967110397, 40.706990443188097 ], [ -74.018777168232603, 40.7070055134621 ], [ -74.018743576401405, 40.707016018197699 ], [ -74.018724382048504, 40.707015112319802 ], [ -74.018696184130306, 40.707019222491098 ], [ -74.018679985939997, 40.707026987825699 ], [ -74.0186493969493, 40.707026074402599 ], [ -74.018629597081997, 40.707019233288499 ], [ -74.018613997185298, 40.707005539967298 ], [ -74.018606196305299, 40.706997318997303 ], [ -74.018604394004299, 40.706983172795503 ], [ -74.018592982719994, 40.706967649733102 ], [ -74.018580980691894, 40.706958069622303 ], [ -74.0185731782706, 40.706946652735098 ], [ -74.018570784094507, 40.706928850013597 ], [ -74.018565975744394, 40.706914694914502 ], [ -74.0185503797655, 40.706916525485298 ], [ -74.018536584862701, 40.706926576822703 ], [ -74.018531789687202, 40.706958987225498 ], [ -74.018407943031605, 40.707266127038203 ], [ -74.018218716011702, 40.707750460950301 ], [ -74.018218445959405, 40.707759564751299 ], [ -74.018191744706797, 40.707829881107699 ], [ -74.0186570227619, 40.707932203884702 ], [ -74.018648343054906, 40.707955068553197 ], [ -74.018802082999599, 40.707988876644897 ], [ -74.018833411165602, 40.708007421799202 ], [ -74.018835411842204, 40.708010474150697 ], [ -74.018854929938499, 40.708030267297801 ], [ -74.018856461456494, 40.708055789466101 ], [ -74.018748350633004, 40.708488835361003 ], [ -74.018632877008997, 40.708949355255797 ], [ -74.0184702736519, 40.709597826343199 ], [ -74.018342818394999, 40.710114731881198 ], [ -74.018265544097602, 40.710417252128998 ], [ -74.018146255899396, 40.710896905789298 ], [ -74.018112030170997, 40.711037883843602 ], [ -74.018047549153394, 40.7113527571803 ], [ -74.017979984595996, 40.711764574984301 ], [ -74.017923694850396, 40.712047498534403 ], [ -74.017874786507605, 40.712323399843299 ], [ -74.017771594824694, 40.712842830783998 ], [ -74.017754379333994, 40.7128565835541 ], [ -74.017733290635306, 40.712857568345697 ], [ -74.017721667899806, 40.712852986932198 ], [ -74.017722941722198, 40.712792400597102 ], [ -74.017801831143601, 40.712353380056399 ], [ -74.016625696124706, 40.712165574897703 ], [ -74.016546089989703, 40.712464293894698 ], [ -74.016593727713001, 40.712556427056903 ], [ -74.016619628452801, 40.712658019568103 ], [ -74.016619852689203, 40.712764406049601 ], [ -74.016592947109004, 40.712869819258799 ], [ -74.016556940831094, 40.712937351560399 ], [ -74.016542573610806, 40.7129638208811 ], [ -74.016478693918998, 40.713037749152399 ], [ -74.016393146712602, 40.713108254045999 ], [ -74.016321518126006, 40.713416238636398 ], [ -74.0165425987893, 40.7134493088992 ], [ -74.016912138999302, 40.713504584165001 ], [ -74.017580977354697, 40.713603746534297 ], [ -74.0176565467345, 40.713169318729904 ], [ -74.017671868902497, 40.713077464009402 ], [ -74.017684633122499, 40.713066863217598 ], [ -74.017703230357796, 40.713064321723401 ], [ -74.017717324010206, 40.713069000792999 ], [ -74.017726414472506, 40.713078437665303 ], [ -74.017708324863094, 40.713177538528697 ], [ -74.017619785380901, 40.713662579593702 ], [ -74.017538670188998, 40.714105798498302 ], [ -74.017410165888407, 40.7148150562994 ], [ -74.017384266161798, 40.714949690736297 ], [ -74.017383684161999, 40.714952717701202 ], [ -74.017327161868593, 40.7152631697396 ], [ -74.017265667380201, 40.715600938922996 ], [ -74.017122675222595, 40.716380049787901 ], [ -74.016984195234301, 40.717138900532397 ], [ -74.016864426062298, 40.717795211284802 ], [ -74.016711638349605, 40.7186324332244 ], [ -74.016695643247203, 40.718657100526201 ], [ -74.016660921973795, 40.718674278401103 ], [ -74.016631415650096, 40.718673625627602 ], [ -74.015948404086799, 40.718583806090002 ], [ -74.015945281886005, 40.718597512230701 ], [ -74.015670288622303, 40.718562745952497 ], [ -74.015672072560804, 40.718546005419697 ], [ -74.015552329459098, 40.718530190370899 ], [ -74.015002058557499, 40.7184574932472 ], [ -74.014997649049604, 40.718481258513698 ], [ -74.014991265129098, 40.718515604531603 ], [ -74.014984784039598, 40.718532048640398 ], [ -74.014971814308893, 40.718544108074497 ], [ -74.014946607214796, 40.718551792289801 ], [ -74.014704151860201, 40.718524412099903 ], [ -74.013214678344994, 40.718323977124598 ], [ -74.0130695060665, 40.718930451178203 ], [ -74.013073828837904, 40.718946876528399 ], [ -74.013032132408398, 40.719139713214098 ], [ -74.013013179138696, 40.7192272265291 ], [ -74.012956694229203, 40.719497710864999 ], [ -74.012958946821001, 40.719508421272899 ], [ -74.012910378781896, 40.719743109223899 ], [ -74.013456507652407, 40.719809964937603 ], [ -74.013415216449303, 40.720027739569701 ], [ -74.013995973706102, 40.7200939070147 ], [ -74.014001451155593, 40.7200754412058 ], [ -74.014266071588196, 40.720103404124103 ], [ -74.014268418314998, 40.720095064682397 ], [ -74.015575092991696, 40.720251551988397 ], [ -74.015575095497596, 40.720262273035097 ], [ -74.015715236772195, 40.720278932792198 ], [ -74.015714461731804, 40.720311693272301 ], [ -74.016379935206302, 40.720384866352298 ], [ -74.016307185717807, 40.720735277630702 ], [ -74.014498654826994, 40.7205219788775 ], [ -74.013520642700797, 40.720403444183603 ], [ -74.0130012579978, 40.720341348381602 ], [ -74.012898753915394, 40.720876303715798 ], [ -74.015696171855694, 40.721214682583302 ], [ -74.015623909939606, 40.721551711450303 ], [ -74.013162118047205, 40.721262221000899 ], [ -74.0131180844336, 40.721481992381598 ], [ -74.013255252117204, 40.7214981778504 ], [ -74.013263390750794, 40.721480069778501 ], [ -74.0136366878872, 40.721524818975503 ], [ -74.013617034830304, 40.721594440414798 ], [ -74.013562731773703, 40.7215888717013 ], [ -74.013562542395405, 40.721580151618497 ], [ -74.013257102547499, 40.721552114399003 ], [ -74.013259447910499, 40.721536030885801 ], [ -74.013113824466899, 40.721518178153801 ], [ -74.0131052204638, 40.721562853338298 ], [ -74.012540209202996, 40.721511434453298 ], [ -74.012493161447395, 40.721788015760197 ], [ -74.012372168284102, 40.722395838635002 ], [ -74.012232259527394, 40.723064515264703 ], [ -74.012096089417795, 40.723715310805403 ], [ -74.011965772269804, 40.7243381231931 ], [ -74.011814846967496, 40.725086264908597 ], [ -74.011655602152103, 40.725875632833699 ], [ -74.011654716811194, 40.7258800206152 ], [ -74.011959781964293, 40.7259858579922 ], [ -74.012317335508499, 40.726042102057697 ], [ -74.014117406363894, 40.726224122047697 ], [ -74.014779667621895, 40.726289965207798 ], [ -74.015164693447105, 40.726327970665103 ], [ -74.015205717590007, 40.726370208114801 ], [ -74.015190102098998, 40.726459441760802 ], [ -74.015172292478894, 40.726587648934 ], [ -74.015144707513301, 40.7267187855876 ], [ -74.015125017773698, 40.726802201889797 ], [ -74.014308167978498, 40.726716380031199 ], [ -74.013418226929204, 40.7266292900621 ], [ -74.012345999032803, 40.726527689348899 ], [ -74.011543470087105, 40.726455605304999 ], [ -74.011384687215894, 40.728237531602304 ], [ -74.014392151469494, 40.728471307197999 ], [ -74.014346066882098, 40.728630442989598 ], [ -74.014220737585205, 40.7295316871446 ], [ -74.014078866088695, 40.730648668800697 ], [ -74.014088387780902, 40.730671432657203 ], [ -74.014039421416001, 40.730702478468601 ], [ -74.014016975114401, 40.730691099279397 ], [ -74.011163408197007, 40.730458936026999 ], [ -74.011091165176893, 40.731260828290999 ], [ -74.011073153499296, 40.7314607520536 ], [ -74.010994960083295, 40.732328677990701 ], [ -74.010942633584193, 40.733016023455903 ], [ -74.011462287076199, 40.733036673810801 ], [ -74.014003654446697, 40.733076261886403 ], [ -74.014001024725403, 40.733340537660503 ], [ -74.010905350155198, 40.733305877384197 ], [ -74.010899858448298, 40.733359467631303 ], [ -74.010859230972898, 40.733362773696797 ], [ -74.010820707244093, 40.7333731314327 ], [ -74.010786372368798, 40.733389980224203 ], [ -74.010758084735002, 40.733412408125801 ], [ -74.010735695706302, 40.733450847834 ], [ -74.0107313188972, 40.733492759432501 ], [ -74.010745449026601, 40.733533405894399 ], [ -74.010776489075297, 40.7335681931756 ], [ -74.010818613323295, 40.733594086515097 ], [ -74.010867998198293, 40.733610998322597 ], [ -74.010834296974807, 40.734015354397101 ], [ -74.012019371830306, 40.7340720048119 ], [ -74.012002693960895, 40.734346661576197 ], [ -74.010815046144401, 40.734291704088498 ], [ -74.010789434678401, 40.734556554337999 ], [ -74.010710680489197, 40.735371132796097 ], [ -74.010644371584604, 40.7360569584975 ], [ -74.010678698010594, 40.736064540749702 ], [ -74.010671318929795, 40.736110192731203 ], [ -74.010688977461697, 40.736122128526603 ], [ -74.010718481193805, 40.736154617318 ], [ -74.010732555405596, 40.736192624709801 ], [ -74.010729681762399, 40.736232050513699 ], [ -74.010710170240998, 40.736268641517498 ], [ -74.010686578709098, 40.736291261268001 ], [ -74.010656577266801, 40.736308950006801 ], [ -74.010655661766407, 40.736356005594097 ], [ -74.010620552190403, 40.736353651573403 ], [ -74.010569557172204, 40.7369804811186 ], [ -74.010517267226504, 40.737604326053699 ], [ -74.010478049618996, 40.738072201788199 ], [ -74.011088518031499, 40.7381010112586 ], [ -74.011069371022003, 40.738312357393397 ], [ -74.011115839123804, 40.7383500269531 ], [ -74.011140607732401, 40.738398124046697 ], [ -74.011069540595997, 40.738398410335201 ], [ -74.011055718834001, 40.738396209193503 ], [ -74.011052713645398, 40.738404686988702 ], [ -74.010455780131906, 40.738372766978301 ], [ -74.010430130344602, 40.738711625978802 ], [ -74.010394482861102, 40.739182557975298 ], [ -74.010500041432195, 40.739181694179997 ], [ -74.010556191536097, 40.739194500459199 ], [ -74.010748212981795, 40.739184198080999 ], [ -74.011389435902203, 40.739224317475397 ], [ -74.011486019216406, 40.739268723483498 ], [ -74.011581906924306, 40.739272797501499 ], [ -74.0115896391532, 40.739279856788201 ], [ -74.011588610082597, 40.739487131263402 ], [ -74.011634970884799, 40.739514747501097 ], [ -74.011629375052095, 40.739570735049703 ], [ -74.011556633473703, 40.739564987674903 ], [ -74.011528902125306, 40.739882032457899 ], [ -74.011516369288501, 40.7399811252292 ], [ -74.011462191496307, 40.740592476404601 ], [ -74.012158871298297, 40.740614259763198 ], [ -74.012155178410893, 40.740682518266098 ], [ -74.012658877232894, 40.740704913863901 ], [ -74.012660734421601, 40.740755900139497 ], [ -74.012575182278098, 40.740749993488699 ], [ -74.012575181055894, 40.740743519265202 ], [ -74.011476321142297, 40.740695321942802 ], [ -74.011375840128693, 40.740732209323802 ], [ -74.0107198578077, 40.740693855623597 ], [ -74.009632907078398, 40.740653629102603 ], [ -74.009498306526297, 40.740735273534497 ], [ -74.009492997534807, 40.740750971192099 ], [ -74.009517724913806, 40.740781845431002 ], [ -74.0095198932937, 40.740813984680599 ], [ -74.009502830388897, 40.740837485514596 ], [ -74.009464389924602, 40.7409105990249 ], [ -74.009412853982596, 40.741162355148496 ], [ -74.0095404758531, 40.741259420466299 ], [ -74.009665785052405, 40.7413070622136 ], [ -74.009620685805004, 40.7413718723842 ], [ -74.010209641539305, 40.7416157998247 ], [ -74.010385032369399, 40.741406115375803 ], [ -74.011397544418202, 40.741831075131998 ], [ -74.010841325985595, 40.7426049960904 ], [ -74.010292457595099, 40.742366786680201 ], [ -74.010127088744596, 40.742584093866 ], [ -74.009322591090907, 40.742252504768899 ], [ -74.0092825021393, 40.742313502498597 ], [ -74.009193305148102, 40.742300893583 ], [ -74.009154903014405, 40.742504449663599 ], [ -74.009093019785894, 40.742894411258398 ], [ -74.009241587122602, 40.742907780593399 ], [ -74.009242192974497, 40.742921423049502 ], [ -74.009621604986407, 40.742959510570003 ], [ -74.009569885616898, 40.7432660469685 ], [ -74.009586094961804, 40.743271782725699 ], [ -74.012120852618494, 40.743524874385699 ], [ -74.012138721700296, 40.743540189264799 ], [ -74.012149584179596, 40.743567563757999 ], [ -74.012091535235996, 40.743905899927597 ], [ -74.012070487207097, 40.7439307558327 ], [ -74.012022302389994, 40.743948032498302 ], [ -74.011979085740705, 40.743943822711103 ], [ -74.009513469180305, 40.743684356086199 ], [ -74.009490135142599, 40.743703944012701 ], [ -74.009439460209506, 40.743979517859401 ], [ -74.009395720807802, 40.7439769792256 ], [ -74.009043526414004, 40.743942133647998 ], [ -74.008901780953806, 40.7439261894908 ], [ -74.008804286564697, 40.744447610124503 ], [ -74.008729251915994, 40.744866495495003 ], [ -74.008731314923494, 40.744889800419102 ], [ -74.008941209840998, 40.744917479919998 ], [ -74.009575857735598, 40.745001171244397 ], [ -74.009613730863094, 40.745006165731802 ], [ -74.009559780916803, 40.745297087938802 ], [ -74.009918059870998, 40.745335517642097 ], [ -74.0099358185184, 40.745325340734297 ], [ -74.0099394135907, 40.745304964038702 ], [ -74.009944869908395, 40.745274032358402 ], [ -74.009951939432597, 40.745233952934903 ], [ -74.009959977754306, 40.745188382251399 ], [ -74.009969051334906, 40.745136943702803 ], [ -74.009974958574404, 40.745103456703298 ], [ -74.009982809133803, 40.745058944967099 ], [ -74.009990624471598, 40.745014646829098 ], [ -74.009999677757094, 40.744963321861398 ], [ -74.009988309583804, 40.744952426772699 ], [ -74.009870936444699, 40.744942180266897 ], [ -74.009873562552002, 40.744924764681897 ], [ -74.010169357147404, 40.744950592260402 ], [ -74.010166103767503, 40.744972187184999 ], [ -74.010055208319898, 40.744962497487101 ], [ -74.010039935599494, 40.7449717206377 ], [ -74.010025064279105, 40.745054607894303 ], [ -74.010015494990895, 40.745107939202597 ], [ -74.010009592088494, 40.745140839359301 ], [ -74.010000753460105, 40.745190102394702 ], [ -74.009993956994805, 40.745227981675598 ], [ -74.009984653080906, 40.745279835710498 ], [ -74.009978888142101, 40.745311966237203 ], [ -74.009975401973705, 40.745331397741403 ], [ -74.009992405560794, 40.745344948805602 ], [ -74.010470652035707, 40.745395028656297 ], [ -74.010489807872105, 40.745383977719101 ], [ -74.010493326097105, 40.745363429634097 ], [ -74.010498386334106, 40.745333878045201 ], [ -74.010504779733907, 40.745296533515699 ], [ -74.010513168475001, 40.745247537855299 ], [ -74.010522286284697, 40.745194283944997 ], [ -74.010528268574006, 40.745159343285202 ], [ -74.0105311364795, 40.745142595088403 ], [ -74.010551899479196, 40.745021319758699 ], [ -74.010533333601401, 40.745011244921699 ], [ -74.010418458478995, 40.745001845255501 ], [ -74.010420823969994, 40.744985086719801 ], [ -74.010765649795204, 40.745013294563002 ], [ -74.010763012449999, 40.745031988729401 ], [ -74.010607667339997, 40.745019279023197 ], [ -74.010587243941401, 40.7450287091131 ], [ -74.010569462852601, 40.745146195401503 ], [ -74.010565160431199, 40.745174624834 ], [ -74.010552021223205, 40.745261444676103 ], [ -74.010541233989102, 40.745332718032003 ], [ -74.010535187283693, 40.7453726700776 ], [ -74.010532517313607, 40.745390313013701 ], [ -74.010546655863195, 40.745400397637297 ], [ -74.011105050172702, 40.745455932860899 ], [ -74.011117693760099, 40.745444387239701 ], [ -74.011126114426105, 40.745386024805001 ], [ -74.011131552416401, 40.745351490921102 ], [ -74.011140322194606, 40.745295811216202 ], [ -74.011146910080299, 40.745253983294504 ], [ -74.011157725283795, 40.745185309718202 ], [ -74.011162586308302, 40.7451544390169 ], [ -74.011173283321497, 40.745086520825502 ], [ -74.0111547392152, 40.745076905611199 ], [ -74.0110442695632, 40.745069225966901 ], [ -74.011046043588905, 40.7450544749424 ], [ -74.011389151933898, 40.745081375216202 ], [ -74.011387130645602, 40.745096270678097 ], [ -74.011231832714202, 40.745084093202401 ], [ -74.011212305081997, 40.7451790667441 ], [ -74.011207376615701, 40.745203033194599 ], [ -74.011189620860307, 40.7452893886731 ], [ -74.011182481790499, 40.745324112029799 ], [ -74.011168202968193, 40.745393560584397 ], [ -74.011155643909106, 40.745454640698803 ], [ -74.011168551906195, 40.745468615157201 ], [ -74.011741037860105, 40.7455281807989 ], [ -74.011796728784901, 40.745162929520198 ], [ -74.011784187330306, 40.745143218660203 ], [ -74.011670460820199, 40.745135593725699 ], [ -74.011672128123195, 40.745122239871499 ], [ -74.011837881063201, 40.745134226206901 ], [ -74.011776040207295, 40.7455331090298 ], [ -74.011771709994306, 40.745561046651702 ], [ -74.011767806839302, 40.745586242662597 ], [ -74.011784210631603, 40.7456098348786 ], [ -74.011720427659995, 40.7459481076895 ], [ -74.011712687315097, 40.745969521847897 ], [ -74.011680307396304, 40.745987724516802 ], [ -74.011635964843407, 40.745986657508297 ], [ -74.010556700996403, 40.745879367142003 ], [ -74.010552786731907, 40.745911146725099 ], [ -74.0101296657228, 40.745865501660397 ], [ -74.010129663456198, 40.745850598191502 ], [ -74.009948136398805, 40.745827777175997 ], [ -74.009949530913602, 40.745808433638501 ], [ -74.009465350176797, 40.7457584063932 ], [ -74.009453818383307, 40.7458257361357 ], [ -74.009443102879501, 40.745888298012702 ], [ -74.009437073736294, 40.745923505485599 ], [ -74.009425888087605, 40.745988811143299 ], [ -74.009420458892706, 40.746020510063801 ], [ -74.009408908302007, 40.746087958409298 ], [ -74.009403009636301, 40.746122399436203 ], [ -74.009392128967306, 40.746185918731797 ], [ -74.009386688075907, 40.746217689687001 ], [ -74.0093818742221, 40.7462457996401 ], [ -74.009377827605704, 40.746269426696102 ], [ -74.009365078962801, 40.7463438648291 ], [ -74.011535279977295, 40.7465760175334 ], [ -74.011569281567304, 40.7465877149912 ], [ -74.011592686690307, 40.746609768301703 ], [ -74.011589921142502, 40.746636337233198 ], [ -74.011534524820703, 40.746975089847297 ], [ -74.011513282530501, 40.746992866504002 ], [ -74.011485183214802, 40.746998851670902 ], [ -74.011446364831301, 40.746994547934598 ], [ -74.009244598194698, 40.7467710536935 ], [ -74.009138814209507, 40.747368025863402 ], [ -74.009561931372104, 40.7474110626585 ], [ -74.009562486510006, 40.747395996646198 ], [ -74.009569104753396, 40.747396140504001 ], [ -74.009569718014504, 40.747379346453997 ], [ -74.009551850415605, 40.747378969160799 ], [ -74.009553005895299, 40.747347604809697 ], [ -74.009965301844801, 40.747386066047397 ], [ -74.009959836330907, 40.747419935124498 ], [ -74.009908151559898, 40.747415112650998 ], [ -74.009903040989499, 40.747446747397802 ], [ -74.011358205712398, 40.747600681374799 ], [ -74.011396228583394, 40.7476191651389 ], [ -74.011408191708696, 40.747638813101702 ], [ -74.011348383940103, 40.747984469098597 ], [ -74.011333196768902, 40.748008838450701 ], [ -74.011304982281303, 40.748022835021402 ], [ -74.011267564871403, 40.748021982294802 ], [ -74.009059930624304, 40.747793908479302 ], [ -74.008947516636098, 40.748420156441803 ], [ -74.008980635683301, 40.748420972898998 ], [ -74.008980633999002, 40.748408482650099 ], [ -74.009072460928394, 40.748418030474703 ], [ -74.009075359356302, 40.748403324966098 ], [ -74.009416568129893, 40.748437850177297 ], [ -74.009417528490303, 40.7484451982994 ], [ -74.009524819215102, 40.7484562200681 ], [ -74.0095202754013, 40.748481803700997 ], [ -74.011168327953797, 40.748653310006901 ], [ -74.011196179859397, 40.748665077355902 ], [ -74.011217070490105, 40.748686255488998 ], [ -74.0112170736612, 40.748705084424898 ], [ -74.011150595174598, 40.749034010580701 ], [ -74.011134351781394, 40.749049897150599 ], [ -74.011110364174201, 40.749058139241598 ], [ -74.011079422926699, 40.749059906440699 ], [ -74.009949631345705, 40.748940251345402 ], [ -74.009563199378306, 40.749978238755801 ], [ -74.009254860986005, 40.7499934692922 ], [ -74.009105983939904, 40.750379333381403 ], [ -74.0106788276521, 40.751030938200302 ], [ -74.010566087072405, 40.751329725887103 ], [ -74.009002434360895, 40.7506564474916 ], [ -74.008707638225005, 40.751435068875097 ], [ -74.008732830029402, 40.751474158848303 ], [ -74.008668742437195, 40.751636461133302 ], [ -74.008622350099898, 40.751660841841399 ], [ -74.008534020941596, 40.751891873271603 ], [ -74.008761501703205, 40.751956278179001 ], [ -74.009142273099101, 40.7521058580869 ], [ -74.009128063128202, 40.752125159727001 ], [ -74.008747128914905, 40.751972659302602 ], [ -74.0086526111008, 40.751947776589702 ], [ -74.008644634107497, 40.7519647660096 ], [ -74.008970577122099, 40.752085055468498 ], [ -74.008958874787993, 40.752098489123703 ], [ -74.009040411567895, 40.752133419646597 ], [ -74.009050549833503, 40.752126613438101 ], [ -74.009109031642595, 40.752147976109001 ], [ -74.0091074200908, 40.7521503889472 ], [ -74.009059191976206, 40.752222615256798 ], [ -74.008998800975206, 40.752197369957898 ], [ -74.009009079944605, 40.752185106244802 ], [ -74.008930328338806, 40.7521522658745 ], [ -74.0089161760568, 40.752171892484498 ], [ -74.008673689430793, 40.752070513998099 ], [ -74.008591982735695, 40.752036369427898 ], [ -74.008582409321207, 40.752052146408602 ], [ -74.008666017365101, 40.752081131876501 ], [ -74.009342344431602, 40.752363873576797 ], [ -74.009329404038098, 40.752381767081403 ], [ -74.008480407410303, 40.752026835915501 ], [ -74.008427816146195, 40.7521661142639 ], [ -74.008819250003697, 40.752332609897699 ], [ -74.008804188836606, 40.752353118085303 ], [ -74.008840868439904, 40.7523670805842 ], [ -74.0088531874745, 40.7523505458188 ], [ -74.009867121786897, 40.752771677231898 ], [ -74.009847731392995, 40.752793706057098 ], [ -74.009890678381296, 40.752811945127903 ], [ -74.009907767381804, 40.752788675292898 ], [ -74.009992010412404, 40.752824451247697 ], [ -74.009921558516098, 40.752920389634298 ], [ -74.0099720401859, 40.752941828275397 ], [ -74.009920614958403, 40.753011855597002 ], [ -74.009790583322697, 40.752956634219302 ], [ -74.009889200865004, 40.752822341755099 ], [ -74.009839998909001, 40.752803232082897 ], [ -74.009832021302699, 40.752811728346302 ], [ -74.008831396870605, 40.752388280061098 ], [ -74.0088377789682, 40.752379785161601 ], [ -74.008793552711396, 40.752360402429403 ], [ -74.008689373973894, 40.752502262709697 ], [ -74.008354980050797, 40.7523590034073 ], [ -74.008012974013099, 40.753264716363802 ], [ -74.007903907720603, 40.7535508758261 ], [ -74.007740176253805, 40.753980422222597 ], [ -74.007620947663099, 40.754290106242898 ], [ -74.007745499889893, 40.754345066406898 ], [ -74.007597641443695, 40.754538815252502 ], [ -74.007473031418201, 40.7544852844335 ], [ -74.007295397970196, 40.754731449017498 ], [ -74.007286450908197, 40.754743832772498 ], [ -74.007415071878498, 40.7547975672448 ], [ -74.007273263223595, 40.754993859153998 ], [ -74.007146135041793, 40.7549407457863 ], [ -74.006960625554498, 40.755189059517399 ], [ -74.006807808988398, 40.755400040354999 ], [ -74.006704369733299, 40.755540632236702 ], [ -74.006579127882603, 40.755715136218299 ], [ -74.006475807043898, 40.755857818270997 ], [ -74.006206940469099, 40.756229108366497 ], [ -74.0061056730015, 40.756368784549601 ], [ -74.005968361445795, 40.756566407405302 ], [ -74.005925289617807, 40.756628500620401 ], [ -74.005810832799696, 40.756797607004202 ], [ -74.005420309434498, 40.757331405490604 ], [ -74.005213328010399, 40.757240263670802 ], [ -74.004805376458904, 40.757818108423002 ], [ -74.004969221700705, 40.757892429715099 ], [ -74.005280399001506, 40.758036820212702 ], [ -74.005032502329499, 40.758365281830599 ], [ -74.006965739124198, 40.759168323008304 ], [ -74.006995204326103, 40.759184413091504 ], [ -74.007011834698105, 40.759211985840302 ], [ -74.007005040688199, 40.759240135800503 ], [ -74.006531051413702, 40.759883016843098 ], [ -74.006508327930902, 40.759900297923302 ], [ -74.006477335238799, 40.759901866875502 ], [ -74.006444980521707, 40.7598987260725 ], [ -74.006316610817194, 40.759851087647803 ], [ -74.004506281777907, 40.759093262071097 ], [ -74.004207742022402, 40.759509973298798 ], [ -74.003908870992802, 40.759383957779797 ], [ -74.003808028991102, 40.7595189970923 ], [ -74.004081340303998, 40.759634310381998 ], [ -74.004248422074099, 40.759707479819099 ], [ -74.0042039251055, 40.759769337543098 ], [ -74.0041500889172, 40.759844179848699 ], [ -74.004246326686797, 40.759894838850997 ], [ -74.004261129375394, 40.759883573360298 ], [ -74.004320345080103, 40.759918951449997 ], [ -74.004270147322998, 40.759967545213797 ], [ -74.0042120442521, 40.7599328323031 ], [ -74.004224111468702, 40.759921368734098 ], [ -74.004133166994393, 40.759869908079601 ], [ -74.004113070839907, 40.759901272997602 ], [ -74.003670365144202, 40.759714235245902 ], [ -74.003573960987197, 40.759854824673397 ], [ -74.0039300000456, 40.7600112854388 ], [ -74.0038270466369, 40.760141402414298 ], [ -74.003589459740198, 40.760459972769397 ], [ -74.003386332878804, 40.760737136585803 ], [ -74.003134840434598, 40.761086611053102 ], [ -74.002788365926705, 40.760937235642999 ], [ -74.0023367315938, 40.761551993077497 ], [ -74.004546660893098, 40.762501068128799 ], [ -74.004559594677701, 40.762516142261802 ], [ -74.004557866673494, 40.762532531214802 ], [ -74.004450966311296, 40.762672833421 ], [ -74.004428547624499, 40.762683973580302 ], [ -74.004401213058202, 40.762679625322903 ], [ -74.002202270994104, 40.761736698343199 ], [ -74.001789691047804, 40.7623027863837 ], [ -74.001534540772994, 40.762652864447098 ], [ -74.003758801249603, 40.763590508065398 ], [ -74.003613598779694, 40.763785310377898 ], [ -74.0013874870546, 40.762858361366803 ], [ -74.000974530191101, 40.763428538216701 ], [ -74.003151220613503, 40.764341155280299 ], [ -74.002949545833502, 40.764625102587097 ], [ -74.003063063056302, 40.764674049314799 ], [ -74.003136034100194, 40.7646578648624 ], [ -74.003163396515006, 40.764620877102097 ], [ -74.003224206619194, 40.7646463043205 ], [ -74.003157321331599, 40.764738776550701 ], [ -74.003126202285898, 40.764752196899501 ], [ -74.003090430886004, 40.764752648662601 ], [ -74.001065092233503, 40.763896474842298 ], [ -74.0007325024511, 40.763763552926498 ], [ -73.999928573312403, 40.763414795004401 ], [ -73.999639985106199, 40.763577337557798 ], [ -73.999624084128698, 40.763567347776103 ], [ -73.999519120490405, 40.763714545778399 ], [ -73.999447871678498, 40.763814461198599 ], [ -73.999434756748499, 40.763832176821097 ], [ -73.999152430314098, 40.7642135262913 ], [ -74.002275816939402, 40.765533447956798 ], [ -74.002289474237102, 40.765569810659102 ], [ -74.0020585887831, 40.765885657352399 ], [ -74.002025993761393, 40.765901533508398 ], [ -73.9992014219483, 40.764710181786597 ], [ -73.999109775094595, 40.764670766657098 ], [ -73.998886181121705, 40.764577643837796 ], [ -73.998577834604603, 40.765006874154899 ], [ -73.998601236387401, 40.765081607183802 ], [ -73.998636328086604, 40.765094061636802 ], [ -73.998666754068495, 40.7651127476488 ], [ -73.998687824114995, 40.765145661175097 ], [ -73.998697179721105, 40.765183032593903 ], [ -73.998690156293506, 40.765216837371099 ], [ -73.998669096456695, 40.7652453022705 ], [ -73.998635164894097, 40.7652684356745 ], [ -73.9985906903716, 40.765284445744797 ], [ -73.998484213974194, 40.765305803930303 ], [ -73.998439752988901, 40.765324480784997 ], [ -73.998403474447201, 40.765359176046701 ], [ -73.998359746593493, 40.765426315737599 ], [ -73.998292647703806, 40.765529339755098 ], [ -73.998272352318395, 40.765560500416399 ], [ -73.9982830563346, 40.765576041940598 ], [ -74.001543629079407, 40.766952969693399 ], [ -74.001574804232007, 40.766985459376698 ], [ -74.001563256131604, 40.767004766538498 ], [ -74.001395821932405, 40.767238314954803 ], [ -74.0013657964587, 40.767257631197701 ], [ -74.001316146673204, 40.767259387278699 ], [ -74.001295360455899, 40.7672497254691 ], [ -73.998158233609004, 40.765902302448197 ], [ -73.998149635690794, 40.7659138741516 ], [ -73.998068208242501, 40.765880148208602 ], [ -73.997722797364304, 40.766357387734203 ], [ -73.997379533505907, 40.766831653160303 ], [ -74.000629824104195, 40.768211378497803 ], [ -74.000651618021195, 40.768228641228397 ], [ -74.000650955464707, 40.768253503552202 ], [ -74.000456343481105, 40.768512463184202 ], [ -74.000419104034407, 40.768520747471499 ], [ -74.000387314982504, 40.768512463438498 ], [ -73.997157338465698, 40.767136963523598 ], [ -73.996817433528406, 40.767608889314303 ], [ -73.996458602859093, 40.768107083360903 ], [ -73.999729641841, 40.769481774352997 ], [ -73.999737352422997, 40.769514445056998 ], [ -73.999556639209302, 40.769759075519701 ], [ -73.999516971505898, 40.769775833622198 ], [ -73.999473987216007, 40.769772483257 ], [ -73.997073209437204, 40.768740911244599 ], [ -73.997027737244096, 40.768803783305401 ], [ -73.9971518038477, 40.768855655400799 ], [ -73.997012163180798, 40.7690370583814 ], [ -73.996894562125604, 40.768987897044298 ], [ -73.996572713321598, 40.769432836094502 ], [ -73.999028278104504, 40.770471540919701 ], [ -73.998763518855895, 40.770833324727001 ], [ -73.996314719086797, 40.769807104239398 ], [ -73.995881492280603, 40.770408847550797 ], [ -73.996018380772796, 40.770463116927999 ], [ -73.995902223033596, 40.770621391577698 ], [ -73.995768781573105, 40.770562864023901 ], [ -73.995426193019199, 40.771039883343398 ], [ -73.995757930899302, 40.771168936654803 ], [ -73.995710039458402, 40.771234080736399 ], [ -73.995799188995505, 40.771290830975502 ], [ -73.995818324585898, 40.771264784621202 ], [ -73.995914284867197, 40.771306123834101 ], [ -73.995929485538994, 40.771283371042998 ], [ -73.996003206348306, 40.771315733539701 ], [ -73.995901349843194, 40.771458566822801 ], [ -73.995894057780205, 40.771455355264898 ], [ -73.995855821350304, 40.771507449000303 ], [ -73.995792626288306, 40.771483787069798 ], [ -73.995829507671502, 40.771429935459999 ], [ -73.9957313819191, 40.771387087026397 ], [ -73.995752682908702, 40.7713625505043 ], [ -73.995631271142798, 40.771333560853698 ], [ -73.995624517781906, 40.771345225741101 ], [ -73.995307112281594, 40.771204273121299 ], [ -73.995125404154194, 40.771459006535103 ], [ -73.994991593362599, 40.771448978077203 ], [ -73.994958782068807, 40.771457458971199 ], [ -73.994936465115899, 40.771476414353501 ], [ -73.994925306467493, 40.771493874219303 ], [ -73.994927269732202, 40.771524310693202 ], [ -73.9950106029453, 40.771615608246798 ], [ -73.994979756262495, 40.7716535177845 ], [ -73.994978333498196, 40.771667043237201 ], [ -73.997074730969302, 40.772551137315197 ], [ -73.996874363720096, 40.772825749702598 ], [ -73.994775527810603, 40.771937815904202 ], [ -73.994446461357995, 40.772385395061399 ], [ -73.995456598729504, 40.772810943549999 ], [ -73.996231169060906, 40.773137243602903 ], [ -73.996122328962201, 40.773283659683003 ], [ -73.994343368316294, 40.772533050449098 ], [ -73.994251240657206, 40.7725347536473 ], [ -73.994164732903599, 40.7724954595258 ], [ -73.993832530292096, 40.772940056453898 ], [ -73.993788818243601, 40.772912115364598 ], [ -73.993726795308604, 40.772872468084202 ], [ -73.993592312203802, 40.772798348880499 ], [ -73.993411902658295, 40.7728871639533 ], [ -73.993326646525801, 40.7728397481389 ], [ -73.9933317774654, 40.772832643341197 ], [ -73.993418280827399, 40.7727128717139 ], [ -73.993783346323795, 40.772207359909203 ], [ -73.993657510042397, 40.772154231359202 ], [ -73.990914522738393, 40.770996027360802 ], [ -73.990670632003997, 40.770893621409499 ], [ -73.990597894574194, 40.770863078592797 ], [ -73.990430834857193, 40.770792923036502 ], [ -73.988064342369398, 40.769799068479102 ], [ -73.985218648511093, 40.7686028985148 ], [ -73.984102868826298, 40.768132429829102 ], [ -73.982364984470294, 40.767396342094301 ], [ -73.982112058861404, 40.767752744545902 ], [ -73.982035556580797, 40.7677294490015 ], [ -73.981954959231402, 40.767716379705398 ], [ -73.981872612220798, 40.767713916377197 ], [ -73.981790912928702, 40.767722131526 ], [ -73.981702169033397, 40.767747272159397 ], [ -73.9816210728995, 40.767784459137701 ], [ -73.981550423179996, 40.767832409072902 ], [ -73.981492658268195, 40.767889467148997 ], [ -73.979078030948102, 40.766884354071102 ], [ -73.978362572672395, 40.766581979221797 ], [ -73.976235330152704, 40.765682899245398 ], [ -73.974193731690605, 40.764814796034401 ], [ -73.973637288274304, 40.764578181451597 ], [ -73.973016312828506, 40.764287147085803 ], [ -73.971412857409803, 40.7635957417613 ], [ -73.969906332780795, 40.762966310220001 ], [ -73.969801728210996, 40.762921780116301 ], [ -73.969689451563696, 40.762874230424003 ], [ -73.968188317432194, 40.762235088734201 ], [ -73.966584823063997, 40.7615592029087 ], [ -73.964314974369799, 40.7606074985761 ], [ -73.963557627116202, 40.760289085771902 ], [ -73.963082173578997, 40.7600914314108 ], [ -73.961967174022206, 40.759627727901702 ], [ -73.959723239993707, 40.758671330688799 ], [ -73.959038246977201, 40.758392049581502 ], [ -73.958935921993998, 40.7583434224195 ], [ -73.958758134606796, 40.758596969578399 ], [ -73.958720517753903, 40.7586484996515 ], [ -73.958608485050704, 40.758602126468901 ], [ -73.958492631483296, 40.758554170858098 ], [ -73.958544732871005, 40.758503889951797 ], [ -73.958779344369006, 40.758279187812498 ], [ -73.959071466527504, 40.757947364908901 ], [ -73.959174078732204, 40.757873047264397 ], [ -73.959182468445903, 40.757864377920598 ], [ -73.959659145129095, 40.757268411858298 ], [ -73.959665439362695, 40.7572196789122 ], [ -73.960040446358406, 40.756733616855797 ], [ -73.960365987937095, 40.756277677649699 ], [ -73.960657818406105, 40.755931415988499 ], [ -73.960798535789095, 40.755813039150802 ], [ -73.960798666498704, 40.755812922262102 ], [ -73.961029345373106, 40.755618850943101 ], [ -73.961630712215495, 40.755160650512401 ], [ -73.9621370275743, 40.754581497595403 ], [ -73.962195255392004, 40.754512581259803 ], [ -73.962232688676806, 40.754530396530598 ], [ -73.962688467600898, 40.754012639278002 ], [ -73.962898729213904, 40.753773783031598 ], [ -73.962870404870301, 40.753750775090602 ], [ -73.963162177748799, 40.753420473186999 ], [ -73.963737160229201, 40.752792041492597 ], [ -73.964710965395099, 40.7517276805686 ], [ -73.964945885259198, 40.751470908631497 ], [ -73.965325493665802, 40.751055983592003 ], [ -73.967914168387594, 40.747979200268901 ], [ -73.968120372487704, 40.747734094321402 ], [ -73.968175199519607, 40.747675018299802 ], [ -73.968237186058801, 40.747599482933602 ], [ -73.968366631797494, 40.747441759125799 ], [ -73.968233155667207, 40.747376740986802 ], [ -73.968297659658006, 40.7473039158481 ], [ -73.968299553040794, 40.747291659481398 ], [ -73.968303348585096, 40.747281563721103 ], [ -73.968317575688403, 40.7472822888354 ], [ -73.968327542866803, 40.747260298567703 ], [ -73.968348404451703, 40.747249482778699 ], [ -73.968362626989503, 40.7472264094474 ], [ -73.968401521692698, 40.747175218416402 ], [ -73.968432830146696, 40.747137721064 ], [ -73.9684650754741, 40.747102392921299 ], [ -73.968478357999302, 40.747080765236703 ], [ -73.968502078934407, 40.747052648931898 ], [ -73.968516298129899, 40.747041108419999 ], [ -73.968536228591901, 40.747008662194403 ], [ -73.968545717248404, 40.746996406724897 ], [ -73.968590290843494, 40.746951707982603 ], [ -73.968593134293897, 40.746941611449998 ], [ -73.968601673322993, 40.746929355716802 ], [ -73.968611158578199, 40.746922867498498 ], [ -73.968618747373895, 40.746907719667497 ], [ -73.968640563256898, 40.746887538531603 ], [ -73.968665236582595, 40.746855084192703 ], [ -73.968671872831095, 40.746844274357898 ], [ -73.968693690528198, 40.746816872329497 ], [ -73.968706019523907, 40.746808947166002 ], [ -73.968712204071906, 40.7467965282843 ], [ -73.968754151042006, 40.746750979573498 ], [ -73.968944449778704, 40.746526600002703 ], [ -73.968968144069095, 40.746538764604502 ], [ -73.968975107191099, 40.746537271141101 ], [ -73.968990431016607, 40.746514055796901 ], [ -73.969001254657201, 40.746510199575901 ], [ -73.969004466804094, 40.746499072677999 ], [ -73.969017856247405, 40.746489416382602 ], [ -73.969021049866598, 40.746480703197101 ], [ -73.969073372053003, 40.746421247287302 ], [ -73.969132399923595, 40.746348979571501 ], [ -73.969212797967799, 40.746252779547 ], [ -73.969235760484295, 40.7462305482494 ], [ -73.969248514606093, 40.746216046228298 ], [ -73.969251727581593, 40.746204435674997 ], [ -73.969327353157098, 40.746112351922001 ], [ -73.969333719050695, 40.7461099365484 ], [ -73.969340683378505, 40.746100920297302 ], [ -73.969384345245203, 40.746044213221303 ], [ -73.969401662080699, 40.746029107458199 ], [ -73.969402305322802, 40.746022291321303 ], [ -73.969418972801606, 40.746005230519401 ], [ -73.969434362708597, 40.745985252911701 ], [ -73.969463539200206, 40.745952841809199 ], [ -73.969521900083194, 40.7458773052753 ], [ -73.969552035425494, 40.745847091845398 ], [ -73.9695988414624, 40.745791048251 ], [ -73.969625144690994, 40.745754980925597 ], [ -73.969633480661997, 40.745751569776203 ], [ -73.969696316650598, 40.745675061004 ], [ -73.969698227334106, 40.745665264404003 ], [ -73.969877052949897, 40.745453053200897 ], [ -73.969907191582394, 40.745466469209902 ], [ -73.969913718689099, 40.745460023499497 ], [ -73.969932835087803, 40.745471265984698 ], [ -73.9699284885277, 40.745476056100998 ], [ -73.969975209216599, 40.745504011500401 ], [ -73.970049028020796, 40.745411125348298 ], [ -73.970092670739803, 40.745359393188302 ], [ -73.970131064761702, 40.745313630621403 ], [ -73.970217461899907, 40.745208843036302 ], [ -73.970340750656305, 40.745057895992097 ], [ -73.970327152253006, 40.745045213432 ], [ -73.970327158348894, 40.7450315253651 ], [ -73.970379558455505, 40.744960569532402 ], [ -73.970443993955897, 40.744878640442998 ], [ -73.970462076107793, 40.744873007319903 ], [ -73.970473844839702, 40.744874505676698 ], [ -73.970507039409995, 40.744832028178799 ], [ -73.970570211389003, 40.744740129205397 ], [ -73.970625254217694, 40.744664690092698 ], [ -73.970789786915105, 40.744414481518199 ], [ -73.970858483515798, 40.744440901227797 ], [ -73.970878321518001, 40.7444538372634 ], [ -73.970891072950806, 40.744455993534302 ], [ -73.970898859863595, 40.744463000613202 ], [ -73.970910900512095, 40.744464615927498 ], [ -73.970918687647796, 40.744471624177898 ], [ -73.970930019520694, 40.744471627038301 ], [ -73.970942068805599, 40.744479707860698 ], [ -73.970983666334504, 40.744415898541199 ], [ -73.971015363178793, 40.744366878615701 ], [ -73.971115820480605, 40.744212624709398 ], [ -73.970784200411998, 40.7440555106446 ], [ -73.970779016284595, 40.744054888477102 ], [ -73.970759778653701, 40.744047454139299 ], [ -73.970752288665295, 40.744038068420203 ], [ -73.970719674042996, 40.744025191602198 ], [ -73.970707226306004, 40.744010825738499 ], [ -73.970704614413094, 40.743998758658201 ], [ -73.970724213849806, 40.743977779465901 ], [ -73.970744011826596, 40.743956588399797 ], [ -73.970752052929001, 40.743956897350103 ], [ -73.970762674358994, 40.743950371379597 ], [ -73.970793536069806, 40.743964273672098 ], [ -73.970800369017695, 40.7439610607425 ], [ -73.970837313178805, 40.743977935978698 ], [ -73.970837394002601, 40.7439779673267 ], [ -73.970875017664, 40.743995938512299 ], [ -73.970961089108599, 40.744033960734399 ], [ -73.970964441116095, 40.744031936521701 ], [ -73.971174906785606, 40.744115798764099 ], [ -73.971183375017205, 40.744111496462601 ], [ -73.971207604291706, 40.744074293593201 ], [ -73.971275063900507, 40.743973012147997 ], [ -73.971358968715293, 40.743846719056201 ], [ -73.971235679068897, 40.743792909880703 ], [ -73.971206902263503, 40.743779773990198 ], [ -73.971282457577601, 40.7436602057142 ], [ -73.971357073369603, 40.743547912987701 ], [ -73.971495652013999, 40.743342938058298 ], [ -73.971639161746793, 40.743125464530301 ], [ -73.971680651360302, 40.7430627275916 ], [ -73.971890328529895, 40.742733083312899 ], [ -73.971764052626199, 40.742680934988798 ], [ -73.971742036506299, 40.742671843464699 ], [ -73.971776451836604, 40.742624175587203 ], [ -73.971960997961006, 40.742346184925402 ], [ -73.972050702567003, 40.741896017066601 ], [ -73.972070936228306, 40.7417971692051 ], [ -73.9721030792075, 40.741631465297701 ], [ -73.972154075124493, 40.741396850790203 ], [ -73.972199487540394, 40.741152931831401 ], [ -73.972287621891098, 40.740746536633303 ], [ -73.972291360398401, 40.740729302085199 ], [ -73.972214265374703, 40.740719926662599 ], [ -73.972197112128399, 40.740717842515899 ], [ -73.972184125072005, 40.740714542964 ], [ -73.972169923244394, 40.7407013833528 ], [ -73.972166213050002, 40.740683985178102 ], [ -73.972166936971703, 40.740680428098202 ], [ -73.972216693623494, 40.740434826517799 ], [ -73.972226595510406, 40.740424959927303 ], [ -73.972236482541703, 40.740421666397097 ], [ -73.972237101479806, 40.740413678218701 ], [ -73.972197855834906, 40.740410842247201 ], [ -73.972218293581093, 40.740315888036598 ], [ -73.9722689757957, 40.740322006251603 ], [ -73.972271452716498, 40.740316837319099 ], [ -73.972254762560596, 40.740308368527103 ], [ -73.972249817403295, 40.740299434829403 ], [ -73.972301235276504, 40.740043225661701 ], [ -73.972311743761097, 40.740026775590003 ], [ -73.972332856593795, 40.7400191711126 ], [ -73.972440329225805, 40.740030012884603 ], [ -73.972658877463502, 40.739231017024103 ], [ -73.972656729118697, 40.7391865312185 ], [ -73.972652043217806, 40.739066528430698 ], [ -73.972645750040698, 40.739025725042701 ], [ -73.972646566632704, 40.7389669310068 ], [ -73.972648187714299, 40.738854134186099 ], [ -73.972634003950603, 40.7387977322133 ], [ -73.972632449381905, 40.738748527661699 ], [ -73.9726293139679, 40.738717324117196 ], [ -73.972627744823299, 40.738674126723602 ], [ -73.972629361283694, 40.738602131793499 ], [ -73.972622287042498, 40.738528928104401 ], [ -73.972620735937198, 40.738471330645602 ], [ -73.972628978898896, 40.738408648574499 ], [ -73.972640287378596, 40.738403572362898 ], [ -73.972639772688595, 40.7383879485592 ], [ -73.972629512659296, 40.738376229826102 ], [ -73.972625965448302, 40.738251626013401 ], [ -73.972634185806697, 40.738240686816198 ], [ -73.972634710438498, 40.738232095850798 ], [ -73.972623986541706, 40.7382253307632 ], [ -73.972620908009702, 40.738052540762602 ], [ -73.972616179520202, 40.738038131863 ], [ -73.972607539313799, 40.737946934786201 ], [ -73.972620168815894, 40.737922939292901 ], [ -73.972613865903099, 40.737906135060904 ], [ -73.972606012408207, 40.737830535550302 ], [ -73.972615481589301, 40.7378065388029 ], [ -73.972607651288698, 40.737674540014503 ], [ -73.972591821509795, 40.736777917111297 ], [ -73.972584363820204, 40.736752946857898 ], [ -73.972581237239993, 40.736698951330602 ], [ -73.972576697961003, 40.736654771176902 ], [ -73.972557665343004, 40.736469747737402 ], [ -73.972564776077903, 40.7364541438386 ], [ -73.972491380919706, 40.735811542190902 ], [ -73.972511607038001, 40.735795391939 ], [ -73.972870831076506, 40.735779123349197 ], [ -73.974415297990802, 40.736422655994502 ], [ -73.974461190537596, 40.7363022818286 ], [ -73.974418213366107, 40.7362859882154 ], [ -73.974412983282903, 40.736293541157103 ], [ -73.974400963246197, 40.736292345697599 ], [ -73.974028360727104, 40.736134029337997 ], [ -73.974048232233699, 40.736108191518802 ], [ -73.974430763489906, 40.736268895596297 ], [ -73.974429194565204, 40.736274461147303 ], [ -73.974467910306998, 40.736286718936903 ], [ -73.974505199965407, 40.736072850507902 ], [ -73.974476157376699, 40.736070642777399 ], [ -73.974442269052702, 40.736058741217697 ], [ -73.974435168609602, 40.736061978431103 ], [ -73.974142059894106, 40.735963918720003 ], [ -73.974152716060104, 40.735942054718599 ], [ -73.974448663180794, 40.7360417350137 ], [ -73.974449725941994, 40.736046054417102 ], [ -73.974479721654504, 40.736052447511803 ], [ -73.974506322691596, 40.736050543098699 ], [ -73.974516037552306, 40.735902860441399 ], [ -73.974509379199802, 40.735805207783599 ], [ -73.974489980607402, 40.735883942273702 ], [ -73.974452216982499, 40.735877391994102 ], [ -73.974463773160196, 40.7358394065878 ], [ -73.974251264419294, 40.735805444040402 ], [ -73.974247746316493, 40.735788372473003 ], [ -73.974260107491602, 40.735774530177899 ], [ -73.974471844885002, 40.735806134267897 ], [ -73.974471060042703, 40.735796130082697 ], [ -73.974479194119894, 40.7357961236766 ], [ -73.974472989219095, 40.735735485756798 ], [ -73.9744668174704, 40.735675148051001 ], [ -73.974393678955295, 40.735675796558198 ], [ -73.974393294705493, 40.735680210125501 ], [ -73.974265198575495, 40.735679736288503 ], [ -73.974266187727494, 40.735684138602799 ], [ -73.974193776794493, 40.735688388797499 ], [ -73.974190999709904, 40.735668174764903 ], [ -73.9741589140028, 40.735666103979 ], [ -73.974147604929499, 40.735679883509697 ], [ -73.974094319055396, 40.735648987024 ], [ -73.974091519621894, 40.735652916230599 ], [ -73.973420135268896, 40.7353759992655 ], [ -73.973440257466706, 40.735349479773497 ], [ -73.9732817423032, 40.735281627379798 ], [ -73.973058426436495, 40.735185715356302 ], [ -73.972808056361401, 40.735532180538499 ], [ -73.9729381790399, 40.735607511327302 ], [ -73.972931758566105, 40.735615876426202 ], [ -73.9727645230452, 40.735513349488798 ], [ -73.972998391322193, 40.735194768835797 ], [ -73.972965391966596, 40.735177328119697 ], [ -73.972933295375398, 40.735213574319602 ], [ -73.9728865678304, 40.735188465849198 ], [ -73.972865470417901, 40.735220528969599 ], [ -73.972838898681601, 40.7352079786573 ], [ -73.972946646860194, 40.735073431993797 ], [ -73.972968637139203, 40.735086692691397 ], [ -73.972946629594105, 40.735115962444198 ], [ -73.972997041659198, 40.735136199916397 ], [ -73.972972275643201, 40.7351654789111 ], [ -73.973004351290996, 40.735180821977004 ], [ -73.973038286443696, 40.735136209579302 ], [ -73.973300389858807, 40.735250617022103 ], [ -73.973323313983897, 40.735210180601101 ], [ -73.973317822851698, 40.735204604717403 ], [ -73.973300416117894, 40.7351850778158 ], [ -73.973280255726095, 40.735155789341398 ], [ -73.973273850822096, 40.735127195773202 ], [ -73.973278447895296, 40.735087457712197 ], [ -73.973297713014006, 40.735049118548197 ], [ -73.973330729828902, 40.735019139792897 ], [ -73.973370148831194, 40.734997536655698 ], [ -73.973419651902702, 40.734979420048802 ], [ -73.973460898582502, 40.734976638736903 ], [ -73.973524147795899, 40.734983622731797 ], [ -73.973546168297503, 40.734952588482003 ], [ -73.974442089932793, 40.735325033819997 ], [ -73.974427601599601, 40.735242481087496 ], [ -73.974412706891002, 40.735186507847899 ], [ -73.974392070552199, 40.735100394810402 ], [ -73.974375619197303, 40.735038898205303 ], [ -73.974351989696203, 40.7349505744832 ], [ -73.974317037075096, 40.7348119390169 ], [ -73.974272918940102, 40.7346388707725 ], [ -73.974256874341506, 40.734575147642403 ], [ -73.974213361904603, 40.734414130692002 ], [ -73.974184612443395, 40.734309218646104 ], [ -73.974170619404305, 40.734247974013201 ], [ -73.974152548008504, 40.734172227869998 ], [ -73.974107356722399, 40.734001805219599 ], [ -73.974061601717807, 40.733819334080302 ], [ -73.974023185415803, 40.733672155544902 ], [ -73.973993810414598, 40.733562836346401 ], [ -73.973960489795601, 40.733429427103601 ], [ -73.973944658741701, 40.733411350425399 ], [ -73.973936753057401, 40.733374338339097 ], [ -73.973908466429407, 40.733357978161202 ], [ -73.973902816587994, 40.733335598853799 ], [ -73.973892643292501, 40.733317523450097 ], [ -73.973867758118104, 40.733319237633602 ], [ -73.973864369045899, 40.733299443939103 ], [ -73.973854191392505, 40.7332908329427 ], [ -73.973846278001304, 40.733273622652398 ], [ -73.973866647481998, 40.733254689573798 ], [ -73.973858739818397, 40.733224565167099 ], [ -73.973842899075194, 40.733228001895398 ], [ -73.973850813264704, 40.733240916638302 ], [ -73.9738327079138, 40.733253826644301 ], [ -73.973811207905797, 40.733257260909603 ], [ -73.973785197264405, 40.7332357427414 ], [ -73.973804427910196, 40.733220249069397 ], [ -73.973785208100693, 40.733208195852299 ], [ -73.973765965918204, 40.733221104918997 ], [ -73.973742208409504, 40.733217650468397 ], [ -73.973728626489702, 40.733227975884702 ], [ -73.973709391101295, 40.733221946738198 ], [ -73.973691289226096, 40.733227112138401 ], [ -73.973677715155404, 40.733214195420899 ], [ -73.973695820386098, 40.733203870541203 ], [ -73.973693567996094, 40.733182357776101 ], [ -73.973717328547906, 40.733178058271598 ], [ -73.973727512971607, 40.733167732081498 ], [ -73.973738837033906, 40.733151380890803 ], [ -73.973759199744194, 40.733147946379901 ], [ -73.973779578649101, 40.7331324529735 ], [ -73.973806736983704, 40.733129019498598 ], [ -73.973820311152494, 40.733107509161599 ], [ -73.973841807411802, 40.733111817803 ], [ -73.973873501190994, 40.733103216310901 ], [ -73.973869547209901, 40.733073948694297 ], [ -73.973771747655405, 40.732696707605001 ], [ -73.9736784673334, 40.732318492106202 ], [ -73.973648796989394, 40.732183754596001 ], [ -73.973628803325198, 40.732115706927203 ], [ -73.973609772769095, 40.732050951037102 ], [ -73.973541132160804, 40.731772594078699 ], [ -73.973522818396305, 40.731698426022596 ], [ -73.973414656502698, 40.731290677593897 ], [ -73.973383253282705, 40.731244285076698 ], [ -73.973367349182197, 40.7312282811031 ], [ -73.973342086051701, 40.731191302810302 ], [ -73.973318593419606, 40.731166188317403 ], [ -73.973284650253504, 40.731120937045098 ], [ -73.973237693303105, 40.731065187868303 ], [ -73.973201568263903, 40.731024893510799 ], [ -73.973147367004998, 40.730969142107803 ], [ -73.973100020555705, 40.730921940994797 ], [ -73.973054487591796, 40.730875564349603 ], [ -73.973007498789499, 40.730831393502697 ], [ -73.972920730005598, 40.730758502580997 ], [ -73.972833594600104, 40.730689741874997 ], [ -73.9727475553712, 40.730614093002998 ], [ -73.972644143825505, 40.730531798850997 ], [ -73.972561338943805, 40.730466354651803 ], [ -73.972481139371894, 40.730409068388198 ], [ -73.972460803553304, 40.730394590400898 ], [ -73.972334213183501, 40.730304833478201 ], [ -73.972241624542406, 40.730238758638897 ], [ -73.972235139961398, 40.730233938842801 ], [ -73.972090624601904, 40.730126618025302 ], [ -73.972055290836096, 40.7300949114112 ], [ -73.972011699004398, 40.730053432459698 ], [ -73.971964841664601, 40.730008638182397 ], [ -73.971903823756406, 40.729938969597903 ], [ -73.9718575281006, 40.729883811211501 ], [ -73.971831367016705, 40.729853952912201 ], [ -73.971749662137697, 40.7297502754665 ], [ -73.971746386466805, 40.729742809509098 ], [ -73.971701728928906, 40.7296739633626 ], [ -73.971628738503199, 40.729566145036102 ], [ -73.9715786329145, 40.729477397009703 ], [ -73.971520264750595, 40.729359622593499 ], [ -73.971509598781097, 40.729332227340798 ], [ -73.971481387524094, 40.729257838030698 ], [ -73.971458599662697, 40.729177668377901 ], [ -73.971441254096803, 40.729104110670598 ], [ -73.971433656567399, 40.729071879844199 ], [ -73.971422830500003, 40.729004104759397 ], [ -73.971413789505505, 40.728888116786401 ], [ -73.971408035121399, 40.728802732054 ], [ -73.971407617481205, 40.728727024984501 ], [ -73.971420902183894, 40.728577088247597 ], [ -73.971428622824106, 40.728494086571999 ], [ -73.971454133984693, 40.728349693970998 ], [ -73.9714580602175, 40.728327498667703 ], [ -73.971474876586598, 40.728217516559297 ], [ -73.971511922865503, 40.728011023993503 ], [ -73.971556973531904, 40.727711369127299 ], [ -73.971570754857197, 40.7277020277253 ], [ -73.971574225985805, 40.7276541802851 ], [ -73.971591089889301, 40.727648294208898 ], [ -73.971620165469304, 40.727658818702501 ], [ -73.971637299926201, 40.727656234636903 ], [ -73.971653039165304, 40.727651473048702 ], [ -73.971686587071702, 40.727414147102998 ], [ -73.971587479436806, 40.727405193520802 ], [ -73.971562582024603, 40.727402948716197 ], [ -73.971538304285005, 40.727401225569899 ], [ -73.971522206248295, 40.7273944262054 ], [ -73.9715142601613, 40.727382568544797 ], [ -73.971494038924604, 40.727381383818098 ], [ -73.971491829268601, 40.727358358069701 ], [ -73.971628411057196, 40.726636713815601 ], [ -73.971671165351296, 40.726400587422702 ], [ -73.971697312854701, 40.726250090042903 ], [ -73.971720381954, 40.726130253473201 ], [ -73.971739872131394, 40.726007927744497 ], [ -73.971768992439394, 40.725841563107501 ], [ -73.971775547991498, 40.725829541489901 ], [ -73.971792867958399, 40.7258224812999 ], [ -73.971817944229102, 40.725823226400102 ], [ -73.971860796660295, 40.725591229636002 ], [ -73.971875815303406, 40.7255113761668 ], [ -73.971886347864597, 40.725432665136999 ], [ -73.971912645670798, 40.7252986307439 ], [ -73.971935183361197, 40.725184550372099 ], [ -73.9719411929145, 40.725166298627101 ], [ -73.971962986136901, 40.725048238804 ], [ -73.972006556764896, 40.7248497501636 ], [ -73.972038108022403, 40.7246923299409 ], [ -73.972067397029505, 40.724567418223998 ], [ -73.9720734079594, 40.724544610748801 ], [ -73.972082419875704, 40.724505827813097 ], [ -73.972085438928502, 40.724476165422502 ], [ -73.972098951266304, 40.724431675102302 ], [ -73.972157528378006, 40.7241784380941 ], [ -73.972167298327804, 40.724140223583902 ], [ -73.972218362127705, 40.723938314413502 ], [ -73.972234885135506, 40.723855039676202 ], [ -73.972266437050394, 40.723722717056503 ], [ -73.972326515687897, 40.723471758998897 ], [ -73.972362595820897, 40.723320320117097 ], [ -73.972400895859593, 40.723157075973901 ], [ -73.972511550188699, 40.722705145521601 ], [ -73.972891152375993, 40.721096556405698 ], [ -73.973038872913705, 40.720470284326701 ], [ -73.973201842214493, 40.719846205771702 ], [ -73.973380003726604, 40.719224535665099 ], [ -73.9735732956714, 40.718605488095697 ], [ -73.973918943816201, 40.717601841532002 ], [ -73.974293809544903, 40.7166042859279 ], [ -73.974697706504401, 40.715613313711003 ], [ -73.975130434037297, 40.714629414037297 ], [ -73.97515121811, 40.7145876816951 ], [ -73.975165046803397, 40.714560163517 ], [ -73.975189948609597, 40.714511418539303 ], [ -73.975215308987998, 40.714456756602203 ], [ -73.975226935033106, 40.714431697740402 ], [ -73.975248102643803, 40.714386064094199 ], [ -73.975248142964901, 40.714385982349697 ], [ -73.975804551702893, 40.713186382123297 ], [ -73.975796766784498, 40.713178280724399 ], [ -73.975969884089494, 40.712797830843002 ], [ -73.976051253462501, 40.7126124511909 ], [ -73.976125127310297, 40.712468582780602 ], [ -73.976166751316498, 40.7124284552837 ], [ -73.976312717633704, 40.712126904618799 ], [ -73.976430164131898, 40.7119172897672 ], [ -73.976506840158507, 40.711807046691703 ], [ -73.976551527157199, 40.711742795953299 ], [ -73.976713654451501, 40.711544022358801 ], [ -73.976820274482407, 40.7114278246776 ], [ -73.976992204873397, 40.711264917346497 ], [ -73.977058033162194, 40.711205883568901 ], [ -73.977223574815596, 40.711076988299297 ], [ -73.977528123600095, 40.710851329749197 ], [ -73.977722634258697, 40.710718331643903 ], [ -73.977822355738397, 40.710653701874001 ], [ -73.977900935572805, 40.710608123157698 ], [ -73.977998187311002, 40.710569274335903 ], [ -73.978081188498194, 40.710540507513002 ], [ -73.978183346405999, 40.710515122444903 ], [ -73.978257016978404, 40.710506165978202 ], [ -73.978372921175406, 40.710497964408802 ], [ -73.978617040840007, 40.710482038816401 ], [ -73.978777573071696, 40.710471571945099 ], [ -73.979190383551398, 40.710443180266097 ], [ -73.9792087041332, 40.710441923270103 ], [ -73.979291592184495, 40.7104364014399 ], [ -73.980037862977596, 40.710386658103701 ], [ -73.980284883449102, 40.710370072436199 ], [ -73.980337965048903, 40.710367457537501 ], [ -73.980332341382294, 40.710295195122299 ], [ -73.980511900458396, 40.710283008745797 ], [ -73.981287915965396, 40.710226604643502 ], [ -73.981247236102504, 40.709834471287699 ], [ -73.983061635747205, 40.709656168335997 ], [ -73.983643785882606, 40.709600135801303 ], [ -73.984497912192396, 40.709517920449898 ], [ -73.986399731198105, 40.709334840793503 ], [ -73.988147704293198, 40.709167423328701 ], [ -73.988156903088594, 40.709157398784797 ], [ -73.988392082881205, 40.7091352054616 ], [ -73.988447977040707, 40.709142076845303 ], [ -73.988481115366497, 40.709164103107398 ], [ -73.988498714424395, 40.7091845615981 ], [ -73.988638023493294, 40.709920317960503 ], [ -73.988646777714706, 40.709925190343398 ], [ -73.988668948594594, 40.709928291275403 ], [ -73.988697545508103, 40.709936706289902 ], [ -73.988719153915298, 40.709955346464497 ], [ -73.988738259885693, 40.709978998297302 ], [ -73.988798620687504, 40.709974863921502 ], [ -73.988899902669999, 40.709962992208403 ], [ -73.989359099971793, 40.709909243124599 ], [ -73.989462113231497, 40.709897543462098 ], [ -73.989575939160005, 40.709882338010402 ], [ -73.989746594683297, 40.709857018048602 ], [ -73.990159696988499, 40.709798629030701 ], [ -73.990515647132199, 40.709742140462197 ], [ -73.990790573636104, 40.709697762913798 ], [ -73.991069278167899, 40.7096654861516 ], [ -73.991352535996896, 40.709628588995201 ], [ -73.991704046660701, 40.709573518722202 ], [ -73.991769239557101, 40.709563311788102 ], [ -73.991906887462505, 40.7095336528361 ], [ -73.992040713523807, 40.709525175912802 ], [ -73.992092760216195, 40.709516479147702 ], [ -73.992150133575805, 40.709506865344103 ], [ -73.992362605339295, 40.7094726250373 ], [ -73.992849911577693, 40.709390133831299 ], [ -73.9937415729908, 40.709254376570101 ], [ -73.994009646094298, 40.709245736042703 ], [ -73.9941420764995, 40.709241523518102 ], [ -73.994379680009004, 40.709200895300803 ], [ -73.994580444267399, 40.709139228992797 ], [ -73.995177218513803, 40.709042549350599 ], [ -73.996020429035795, 40.708924479837599 ], [ -73.996665455245207, 40.7088351604677 ], [ -73.9972843174275, 40.708739875752599 ], [ -73.998084957584595, 40.708517871205203 ], [ -73.998287468980493, 40.708438187283001 ], [ -73.998529031699107, 40.708339783695898 ], [ -73.998562592061901, 40.708323539016803 ], [ -73.998723425453207, 40.708245708658502 ], [ -73.998755411620607, 40.708231906785699 ], [ -73.998809908694398, 40.708208390744602 ], [ -73.9988230301405, 40.7081837374242 ], [ -73.998882754586205, 40.708144889656801 ], [ -73.998984855609905, 40.708100909040901 ], [ -73.999054213381598, 40.7080408015769 ], [ -73.999135795208602, 40.707990652643801 ], [ -73.999195957124797, 40.707955632040402 ], [ -73.999260900762707, 40.707922276990502 ], [ -73.999327772828593, 40.707887932164901 ], [ -73.999383697863607, 40.707849804983098 ], [ -73.999422737487194, 40.7078271927111 ], [ -73.999461776864095, 40.707804582101097 ], [ -73.999524695540998, 40.7077708842993 ], [ -73.999513559773504, 40.707756962247899 ], [ -73.999492070863596, 40.707730100859301 ], [ -73.999539842725497, 40.707701725652697 ], [ -73.999552659390105, 40.707702608403302 ], [ -73.999572941280903, 40.707725454318997 ], [ -73.999610926550304, 40.707768228813897 ], [ -73.999884417089305, 40.707632341636703 ], [ -73.999950005754002, 40.707599751963699 ], [ -73.999946502805599, 40.707590882574401 ], [ -73.999950005777393, 40.707566947140002 ], [ -73.999958158878101, 40.7075394544365 ], [ -73.999973672746506, 40.707514654397201 ], [ -73.999997896425697, 40.707499903470001 ], [ -74.000140134897094, 40.707413309956998 ], [ -74.000235251590297, 40.707355398021697 ], [ -74.000401724701007, 40.707268535082598 ], [ -74.000553925745393, 40.707192531414698 ], [ -74.000773198679795, 40.7070884036644 ], [ -74.000851180188306, 40.707051374090199 ], [ -74.000884037497102, 40.707033509252099 ], [ -74.001188299236603, 40.706868081177603 ], [ -74.001132752358799, 40.7068073060804 ], [ -74.001225122001401, 40.706753517029902 ], [ -74.001233583535196, 40.706748591809301 ], [ -74.001228459613102, 40.706743125286401 ], [ -74.001161836813694, 40.706671976202699 ], [ -74.001176662701596, 40.706657000634003 ], [ -74.001170580004697, 40.706647753031099 ], [ -74.001177882268195, 40.706643313655 ], [ -74.001177467387507, 40.706635829719701 ], [ -74.000984213433398, 40.706424968319098 ], [ -74.001406776877602, 40.706188390472903 ], [ -74.001408113557005, 40.706187643285503 ], [ -74.001407261595503, 40.706186868147803 ], [ -74.000593848423605, 40.705418334053498 ], [ -74.000846681439597, 40.705262773949499 ], [ -74.001455820762104, 40.704881558439197 ], [ -74.002056624078307, 40.7054196044582 ], [ -74.002062872438998, 40.705425260230598 ], [ -74.002064267646901, 40.705424332440103 ], [ -74.002124233682494, 40.705387257755298 ], [ -74.002159630313798, 40.7053653741958 ], [ -74.002571097564697, 40.705531834619002 ], [ -74.0026865746905, 40.705457503195497 ], [ -74.002364299999201, 40.705167221723897 ], [ -74.002417181666104, 40.705137566808702 ], [ -74.002385301468493, 40.705109525269997 ], [ -74.001972150710202, 40.7047461229471 ], [ -74.001971595108202, 40.704739414163498 ], [ -74.002033460537902, 40.704701208681598 ], [ -74.002173296206195, 40.704614851393401 ], [ -74.002187070107297, 40.704615273803199 ], [ -74.0023348930591, 40.704756390258801 ], [ -74.002335377604894, 40.704750861852297 ], [ -74.002422040057994, 40.704688589539202 ], [ -74.002432157632995, 40.704686112939001 ], [ -74.002489845188407, 40.704735027293403 ], [ -74.002489348382497, 40.704742015532602 ], [ -74.002399774360597, 40.704803180099503 ], [ -74.0023881542742, 40.704803918633701 ], [ -74.003324519925499, 40.705636850309702 ], [ -74.003584070668197, 40.7054693838788 ], [ -74.0036333189977, 40.705438061791597 ], [ -74.003645909146698, 40.705429939174003 ], [ -74.003834722683905, 40.705311498034298 ], [ -74.003663625674207, 40.705158014723096 ], [ -74.003585356795895, 40.705200904142998 ], [ -74.003554046770702, 40.7051746958252 ], [ -74.003632316298805, 40.705131806426301 ], [ -74.002630410988601, 40.704231207619898 ], [ -74.002868344792503, 40.704083480312697 ], [ -74.004058111815993, 40.705155618408497 ], [ -74.0043419553311, 40.704970984230002 ], [ -74.004587677096495, 40.704807705562096 ], [ -74.004842075891403, 40.7046480343691 ], [ -74.004921825931007, 40.704599259803601 ], [ -74.005189498414794, 40.704428790478097 ], [ -74.005213056752197, 40.704413787019 ], [ -74.005261806053795, 40.704382743186002 ], [ -74.005351720034398, 40.704318334721599 ], [ -74.005664754281099, 40.704112499186998 ], [ -74.005892746828096, 40.703968108114402 ], [ -74.006021934185995, 40.7038831547532 ], [ -74.006142515555595, 40.703989228103303 ], [ -74.006343603679298, 40.703858077242501 ], [ -74.006434040821404, 40.703799444571999 ], [ -74.006597367286503, 40.7036941565433 ], [ -74.006322255585502, 40.703475015589603 ], [ -74.006316293238498, 40.703469579156902 ], [ -74.006301755813197, 40.703456489546099 ], [ -74.005912905252501, 40.703106365933301 ], [ -74.005900865346504, 40.703095524693097 ], [ -74.0058889205485, 40.703084769723297 ], [ -74.005559880805507, 40.702789511342999 ], [ -74.005485288557296, 40.702722576576697 ], [ -74.005528273897298, 40.702693542052501 ], [ -74.005506760457607, 40.702675101018102 ], [ -74.005472756340197, 40.702698083521803 ], [ -74.005437445347894, 40.702667809844897 ], [ -74.005428735974306, 40.702673690629098 ], [ -74.005305573626799, 40.702568120051701 ], [ -74.005495725770103, 40.702439635839802 ], [ -74.005503108395999, 40.702439122183499 ], [ -74.005615065739605, 40.7025384964343 ], [ -74.005603079724096, 40.702546314173901 ], [ -74.005610500408395, 40.7025610729603 ], [ -74.005596242617898, 40.702576274739499 ], [ -74.005600798766594, 40.702588422251601 ], [ -74.005591677536898, 40.7025940686976 ], [ -74.005593393874804, 40.702607090337303 ], [ -74.005586543236703, 40.702612304619798 ], [ -74.005590543709502, 40.702620985015898 ], [ -74.005536909127002, 40.702653775534202 ], [ -74.005559167741694, 40.702672649082302 ], [ -74.005676670284899, 40.702592326607899 ], [ -74.005985751296905, 40.7028682729973 ], [ -74.006091208879596, 40.702959374958901 ], [ -74.006240153082004, 40.7030880437894 ], [ -74.006365175347398, 40.7031960467571 ], [ -74.006461736396801, 40.703279462551599 ], [ -74.006495700003001, 40.703308802693897 ], [ -74.006550256240004, 40.703375869619201 ], [ -74.006558656900907, 40.7033714028654 ], [ -74.006756864030393, 40.703549744036998 ], [ -74.006786470111706, 40.703576381966997 ], [ -74.006996108285193, 40.703449443098698 ], [ -74.007221914961306, 40.703310232302698 ], [ -74.0075205012471, 40.703130074185601 ], [ -74.007528598204004, 40.703123235363002 ], [ -74.007606430224101, 40.703001395578703 ], [ -74.007647000050994, 40.702936428685099 ], [ -74.0076994353917, 40.702857532938197 ], [ -74.007957397403004, 40.702700784296198 ], [ -74.008362932550199, 40.702452793305198 ], [ -74.009111822467204, 40.701992124683301 ], [ -74.009143470812901, 40.701981103571597 ], [ -74.0092921749102, 40.7019383254747 ], [ -74.008701091802806, 40.701148121563399 ], [ -74.007756939895998, 40.701556256308699 ], [ -74.007592810365907, 40.701336335145101 ], [ -74.008537563709197, 40.700927949728801 ], [ -74.008350724117406, 40.700677602329499 ], [ -74.008621810244804, 40.7005604176221 ], [ -74.009586279168801, 40.701845639690099 ], [ -74.011057487855496, 40.701462435412203 ], [ -74.011182332515702, 40.7014596462489 ], [ -74.011109203176701, 40.701284018437001 ], [ -74.011291288558198, 40.701258236196203 ], [ -74.0112112072526, 40.7010528371882 ], [ -74.011130134836307, 40.701073151371801 ], [ -74.011079829163094, 40.700965374216999 ], [ -74.011068535101003, 40.700923194788899 ], [ -74.011110312939394, 40.700909673993699 ], [ -74.011095312524802, 40.700874664254599 ], [ -74.011094823309705, 40.700859510456198 ], [ -74.011080173782503, 40.700860202917703 ], [ -74.011057292529799, 40.700819785146997 ], [ -74.011060882359899, 40.700810875367402 ], [ -74.011038938679803, 40.700765385112298 ], [ -74.011016833270105, 40.700749378158299 ], [ -74.011030907820697, 40.700739424853097 ], [ -74.011021446257203, 40.700720648801799 ], [ -74.011008130203095, 40.700719641562301 ], [ -74.010994176931803, 40.700698846899698 ], [ -74.011009995989099, 40.7006918110851 ], [ -74.011005068406305, 40.700676320645698 ], [ -74.010992793478707, 40.700681606131397 ], [ -74.010971421153201, 40.700653789934201 ], [ -74.010989867103305, 40.700642498344301 ], [ -74.0109597223001, 40.7005828454312 ], [ -74.010937626185395, 40.700584095779199 ], [ -74.010926276515093, 40.700575046867201 ], [ -74.010927022693707, 40.700564085822499 ], [ -74.010948577836999, 40.7005459968601 ], [ -74.010920630203302, 40.700494716907201 ], [ -74.010906418674296, 40.700500037580703 ], [ -74.010886075978902, 40.700469681221101 ], [ -74.010905113563894, 40.700459635321302 ], [ -74.010786829084793, 40.700240768240903 ], [ -74.010801042392998, 40.700215466771702 ], [ -74.010816755961201, 40.700208697863999 ], [ -74.010853023148101, 40.700246764854001 ], [ -74.010932381388301, 40.7004234061353 ], [ -74.011005093670605, 40.700589363775002 ], [ -74.011045221885297, 40.700691099068997 ], [ -74.011075724163305, 40.700756591254702 ], [ -74.011105813460503, 40.700818903301702 ], [ -74.011135071659098, 40.700876128288002 ], [ -74.011151785005396, 40.700906653988802 ], [ -74.011359812414398, 40.700860212507799 ], [ -74.011304638682404, 40.700656097869803 ], [ -74.011299613788793, 40.700607138353298 ], [ -74.011311313578304, 40.700588055010897 ], [ -74.011335543580103, 40.700576607499002 ], [ -74.011362272158607, 40.700574064814603 ], [ -74.011383168247605, 40.700578510933298 ], [ -74.011396530730593, 40.700598861492701 ], [ -74.011434148636297, 40.700682794950403 ], [ -74.011470923904099, 40.700757182105498 ], [ -74.011504360982002, 40.7008233128334 ], [ -74.011730717789405, 40.700778371902103 ], [ -74.011701542085703, 40.700729792469801 ], [ -74.011684203572102, 40.700701598891101 ], [ -74.0116668479168, 40.700645814409 ], [ -74.011632945710701, 40.7005636455511 ], [ -74.0116116479185, 40.700501260213798 ], [ -74.011615585430903, 40.7004808722508 ], [ -74.011632928750899, 40.7004664720329 ], [ -74.011679429922495, 40.700470068991201 ], [ -74.011704659708698, 40.700489256173498 ], [ -74.011727507952699, 40.700486858207299 ], [ -74.011752742256505, 40.700539041380999 ], [ -74.0117787578953, 40.7005792281767 ], [ -74.011827641973596, 40.700674596600699 ], [ -74.011835525658299, 40.700694388298402 ], [ -74.011849719911396, 40.700738179636303 ], [ -74.011855235148502, 40.700747175282103 ], [ -74.011993047505896, 40.700713084784297 ], [ -74.012088131870598, 40.700689562551702 ], [ -74.012086543501695, 40.700672768613103 ], [ -74.012070771429805, 40.700607987141197 ], [ -74.012040017669094, 40.7005372105966 ], [ -74.011978156094997, 40.700386678056198 ], [ -74.011906330622907, 40.700235183731799 ], [ -74.011858175185196, 40.700115357116402 ], [ -74.0119324128014, 40.700059463851296 ], [ -74.011963410813905, 40.700045799286102 ], [ -74.012041728972505, 40.700056345335497 ], [ -74.012089870605095, 40.700094837887903 ], [ -74.012129044765501, 40.700151340212301 ], [ -74.012159241303095, 40.700219632366 ], [ -74.012173929333898, 40.700241369319301 ], [ -74.012238395249298, 40.700329531580898 ], [ -74.012256352607295, 40.700372988086002 ], [ -74.012320009528594, 40.700496540856598 ], [ -74.012363674208103, 40.700584083744197 ], [ -74.012393050140403, 40.7006287818839 ], [ -74.012595373154397, 40.700579087245501 ], [ -74.012592096716901, 40.7005201042697 ], [ -74.012556168563407, 40.700367984390802 ], [ -74.012530449391605, 40.700260574069901 ], [ -74.012517385472904, 40.700192902180198 ], [ -74.012516562629898, 40.700158745804202 ], [ -74.012543477638005, 40.7001432278377 ], [ -74.012615270731303, 40.700116519492802 ], [ -74.012649538450006, 40.700123341964797 ], [ -74.0126821771659, 40.700155009068297 ], [ -74.012736441488798, 40.7002270264 ], [ -74.012797641320205, 40.700308353597499 ], [ -74.0128359992773, 40.700361128456301 ], [ -74.0128678275223, 40.700415767103202 ], [ -74.012883333997493, 40.7004499136237 ], [ -74.012906192468094, 40.7005051659104 ], [ -74.012910267916894, 40.700531865446301 ], [ -74.013003503362299, 40.700524282213401 ], [ -74.013108928513603, 40.700515705923202 ], [ -74.013113003934095, 40.700480306780101 ], [ -74.013112981946904, 40.700368544316703 ], [ -74.013095408334706, 40.700231946927303 ], [ -74.013079884865604, 40.700111496248603 ], [ -74.013026407031305, 40.699891083829101 ], [ -74.013013342626195, 40.699826510242097 ], [ -74.013022306996604, 40.699801672973599 ], [ -74.013045150899501, 40.699783038337102 ], [ -74.0131144882603, 40.6997824189813 ], [ -74.013142239658805, 40.699811591528899 ], [ -74.013155298991904, 40.699853194096498 ], [ -74.013168366292106, 40.699939497965097 ], [ -74.013178985666002, 40.7000258016092 ], [ -74.013187166886794, 40.700111484004502 ], [ -74.013202292026705, 40.700248081662998 ], [ -74.013208817929794, 40.700283470212398 ], [ -74.013224330235303, 40.7003418397899 ], [ -74.013274944923296, 40.7005051239625 ], [ -74.013487058486604, 40.700486476632001 ], [ -74.013482135087301, 40.700366024768599 ], [ -74.013484565506502, 40.700271641797897 ], [ -74.013504946755305, 40.700184713192101 ], [ -74.013534300332907, 40.700116415072699 ], [ -74.013588143318401, 40.700087844489502 ], [ -74.013611748482504, 40.700092551729099 ], [ -74.013676243346495, 40.700134075601298 ], [ -74.013664199894194, 40.700144910183099 ], [ -74.013644102717805, 40.700170036967997 ], [ -74.013613272876995, 40.700253427821501 ], [ -74.013571940270893, 40.700240456543803 ], [ -74.013562759491407, 40.700303375843298 ], [ -74.013534552219895, 40.700305378434798 ], [ -74.013531928128302, 40.700319354538301 ], [ -74.013562762538598, 40.700318351273097 ], [ -74.013561791619296, 40.7003747876389 ], [ -74.0135309590585, 40.700381777825598 ], [ -74.013532924928299, 40.700390269886697 ], [ -74.013564421294106, 40.700388266908099 ], [ -74.013561155669805, 40.7004471881407 ], [ -74.013525067736595, 40.700450191796101 ], [ -74.013524409359107, 40.700468669125797 ], [ -74.013582150376706, 40.700465168209 ], [ -74.013586867517304, 40.700510166481003 ], [ -74.013554282477401, 40.700511611393303 ], [ -74.013578578424301, 40.7006519357314 ], [ -74.013511846764402, 40.700658624908499 ], [ -74.013559719805301, 40.700948124642103 ], [ -74.013952977904495, 40.700999236267698 ], [ -74.014093434212498, 40.700559871541302 ], [ -74.014106353360305, 40.700519082095099 ], [ -74.0140928998497, 40.700516589932597 ], [ -74.014129662268004, 40.700401535738997 ], [ -74.014138714248702, 40.700403208894699 ], [ -74.014150056739794, 40.7003288253932 ] ], [ [ -74.009570573913507, 40.7414309649442 ], [ -74.009522967466395, 40.741493869336601 ], [ -74.009363199604707, 40.741431885631997 ], [ -74.0093472114132, 40.741518672611498 ], [ -74.009279378883207, 40.7418868728384 ], [ -74.009239251377707, 40.742079889179301 ], [ -74.009415299318803, 40.742138132197503 ], [ -74.009372703820304, 40.742193412323601 ], [ -74.010089485264103, 40.7424964177468 ], [ -74.010199728366501, 40.742342015778902 ], [ -74.009823793089396, 40.742174314077502 ], [ -74.010167048488398, 40.741680609984201 ], [ -74.009570573913507, 40.7414309649442 ] ] ], [ [ [ -74.000702493149007, 40.694396109320301 ], [ -74.000784398474494, 40.694294768619997 ], [ -74.000960129930704, 40.694077336488803 ], [ -74.003015384752501, 40.694786097452599 ], [ -74.0026370152776, 40.695370290138797 ], [ -74.002399472158999, 40.695719908042598 ], [ -74.000270168711793, 40.694974055684497 ], [ -74.000702493149007, 40.694396109320301 ] ] ], [ [ [ -73.998872616255994, 40.697165830881097 ], [ -74.001050476597399, 40.697916489850897 ], [ -74.000489131519004, 40.698766031476801 ], [ -73.998379052033997, 40.698071549926198 ], [ -73.998872616255994, 40.697165830881097 ] ] ], [ [ [ -73.998022472355501, 40.698769990503301 ], [ -74.000019850122698, 40.699474302071202 ], [ -73.999476084053498, 40.700331032202897 ], [ -73.997500428090305, 40.699647123440997 ], [ -73.998001020500993, 40.698805939481602 ], [ -73.998022472355501, 40.698769990503301 ] ] ], [ [ [ -73.997761555514302, 40.701367669324597 ], [ -73.997803073052097, 40.701327649204799 ], [ -73.998140244303499, 40.701527042211701 ], [ -73.996193717085603, 40.703385395762602 ], [ -73.995887563534595, 40.703268331971202 ], [ -73.995139712843297, 40.702982369579203 ], [ -73.995261596299699, 40.702818464358799 ], [ -73.995385928321795, 40.702651264848697 ], [ -73.996217839382595, 40.701532328201402 ], [ -73.996291366345503, 40.7014334305495 ], [ -73.996499735436899, 40.701153162478199 ], [ -73.996618806085806, 40.700993262445898 ], [ -73.996699134123006, 40.700885231307701 ], [ -73.996823335713998, 40.700999036733897 ], [ -73.997529077835495, 40.701237071389201 ], [ -73.997761555514302, 40.701367669324597 ] ] ], [ [ [ -73.994801827096097, 40.703300213575098 ], [ -73.995022790901302, 40.703156124141302 ], [ -73.995047371899702, 40.703140094690099 ], [ -73.995447087673796, 40.703283560376398 ], [ -73.995294911530607, 40.703562320862602 ], [ -73.994983477539293, 40.703389970476898 ], [ -73.994801827096097, 40.703300213575098 ] ] ], [ [ [ -73.994837818753695, 40.703994594146401 ], [ -73.994770786293202, 40.703961150014699 ], [ -73.994883843428099, 40.703796280862299 ], [ -73.9949118751085, 40.7038055709845 ], [ -73.994931090510406, 40.703779570103698 ], [ -73.995030703616493, 40.703816455891698 ], [ -73.994883491681094, 40.704016908963297 ], [ -73.994837818753695, 40.703994594146401 ] ] ], [ [ [ -73.982330882657394, 40.705560289474697 ], [ -73.982374846224999, 40.705551606245102 ], [ -73.982460426947796, 40.705550670776702 ], [ -73.982424312336406, 40.705830311312297 ], [ -73.981025346277093, 40.705907169817998 ], [ -73.981018779095606, 40.705805762372599 ], [ -73.982303492332605, 40.705745235247598 ], [ -73.982330882657394, 40.705560289474697 ] ] ], [ [ [ -73.967308851197203, 40.718321326022298 ], [ -73.967231569484298, 40.718422927703799 ], [ -73.967183872736001, 40.718491315177403 ], [ -73.967070113276094, 40.718447294662496 ], [ -73.967092399062693, 40.718414025672203 ], [ -73.967152448129298, 40.718324385279303 ], [ -73.966563855171799, 40.718024125612303 ], [ -73.9665983395316, 40.717976240185699 ], [ -73.967184868649298, 40.718284179862799 ], [ -73.967194262683293, 40.718273402854798 ], [ -73.967308851197203, 40.718321326022298 ] ] ], [ [ [ -73.966323712387094, 40.719112311403798 ], [ -73.966365074709898, 40.719058715064001 ], [ -73.965744107404205, 40.718715136747299 ], [ -73.965761401315305, 40.7186972937454 ], [ -73.966347242209906, 40.719024400350698 ], [ -73.966376557210495, 40.718992929276098 ], [ -73.966637444584293, 40.719138401734497 ], [ -73.966550069247305, 40.719229834995303 ], [ -73.966515146716404, 40.719211064516003 ], [ -73.966468893386505, 40.719251699271098 ], [ -73.966482192747904, 40.719365050143203 ], [ -73.966508807255906, 40.719366919446301 ], [ -73.966524851337098, 40.719376752577801 ], [ -73.966536196592301, 40.7193889667411 ], [ -73.966540103996493, 40.719403858166601 ], [ -73.966537356237495, 40.719420238144401 ], [ -73.966530305555295, 40.719428872774799 ], [ -73.966515972939305, 40.719439233326902 ], [ -73.966492797857796, 40.719444467997903 ], [ -73.966460230690004, 40.719441599502403 ], [ -73.966442075701295, 40.719428251368299 ], [ -73.966434571679798, 40.7194049001249 ], [ -73.966438336325993, 40.719390605987698 ], [ -73.966447110487806, 40.719379171653699 ], [ -73.966466530741101, 40.719368693982901 ], [ -73.966444669742202, 40.719251462702303 ], [ -73.966502941111003, 40.719199539473202 ], [ -73.966467877525204, 40.719182850459802 ], [ -73.966450500092705, 40.719187400620598 ], [ -73.966438306954998, 40.719148084375199 ], [ -73.966367867589895, 40.719108750626802 ], [ -73.966323712387094, 40.719112311403798 ] ] ], [ [ [ -73.965677993062798, 40.720687219899297 ], [ -73.965599669167204, 40.720752717777003 ], [ -73.9650342191308, 40.7203853287972 ], [ -73.965118804110105, 40.720324598666402 ], [ -73.965677993062798, 40.720687219899297 ] ] ], [ [ [ -73.965032437180099, 40.720799100774599 ], [ -73.964932178850304, 40.720889609488097 ], [ -73.964854477942595, 40.7209610643011 ], [ -73.964754307700005, 40.720885743272703 ], [ -73.964835771905996, 40.720803806349501 ], [ -73.964362515204002, 40.720485499242699 ], [ -73.964398791826397, 40.720450093783697 ], [ -73.964865845093897, 40.720783801266997 ], [ -73.964927252754194, 40.720728543840401 ], [ -73.965032437180099, 40.720799100774599 ] ] ], [ [ [ -73.964376478687996, 40.721000810234599 ], [ -73.964309898692306, 40.721063928969102 ], [ -73.964027610803797, 40.720889152525103 ], [ -73.964067348669005, 40.720808170401703 ], [ -73.964376478687996, 40.721000810234599 ] ] ], [ [ [ -73.9642760605918, 40.720584026981797 ], [ -73.964952033253795, 40.721432441134702 ], [ -73.964844284489303, 40.721472435636599 ], [ -73.964203366586304, 40.720662153662701 ], [ -73.964242132675594, 40.720620489890202 ], [ -73.9642760605918, 40.720584026981797 ] ] ], [ [ [ -73.962444844366203, 40.7242080456435 ], [ -73.9623918656809, 40.724201827349503 ], [ -73.962367404122105, 40.724217321780898 ], [ -73.962008883090206, 40.724000161241896 ], [ -73.962074153891805, 40.723888561017802 ], [ -73.962469335366194, 40.724139839749199 ], [ -73.962473386388595, 40.7241832494298 ], [ -73.962444844366203, 40.7242080456435 ] ] ], [ [ [ -73.961911722902499, 40.729970841925301 ], [ -73.961887299028405, 40.729960826976701 ], [ -73.961960639967501, 40.729867929736002 ], [ -73.962026398127307, 40.729893683528502 ], [ -73.961979384900502, 40.729952280053602 ], [ -73.962216180117593, 40.729925197066997 ], [ -73.962421078370994, 40.729809469374501 ], [ -73.9624869013915, 40.729719428855503 ], [ -73.962550775144805, 40.729752329091198 ], [ -73.962479312742502, 40.729845227321 ], [ -73.962453009776397, 40.729836641384701 ], [ -73.962268789226002, 40.729939509530702 ], [ -73.962253724306805, 40.7299938282843 ], [ -73.962196070557098, 40.729984235058197 ], [ -73.962203004681797, 40.729962360535097 ], [ -73.961945534722702, 40.729995155688201 ], [ -73.961708677541296, 40.730129456140297 ], [ -73.9613542260401, 40.730160218419698 ], [ -73.961285943125304, 40.730167323574499 ], [ -73.961284055317094, 40.730069286361498 ], [ -73.961343277696898, 40.730071938937698 ], [ -73.961406159226499, 40.730069313610898 ], [ -73.961403154453805, 40.730119287470202 ], [ -73.961688141956401, 40.730090130142202 ], [ -73.961911722902499, 40.729970841925301 ] ] ], [ [ [ -73.961999439073793, 40.7315015147609 ], [ -73.962901503867997, 40.731456063243598 ], [ -73.962904021512003, 40.7314370027118 ], [ -73.963202201307197, 40.731425662174402 ], [ -73.963199732656705, 40.731358948444502 ], [ -73.963282422591504, 40.731351350368698 ], [ -73.963282409988906, 40.731374223607702 ], [ -73.9635605559548, 40.731343814912698 ], [ -73.9635530775642, 40.731271381251602 ], [ -73.963660828396996, 40.731258072982897 ], [ -73.963700817483002, 40.731444881093203 ], [ -73.963585545713997, 40.731465811826403 ], [ -73.963568052618896, 40.7313800326802 ], [ -73.963282393185395, 40.731404721147896 ], [ -73.963294867584295, 40.731503840890198 ], [ -73.962908983692898, 40.731524684543203 ], [ -73.962916490629993, 40.731541841683303 ], [ -73.961971829245002, 40.7315853733095 ], [ -73.961971843385001, 40.731560594289299 ], [ -73.9617143296108, 40.731574375475802 ], [ -73.9616999179147, 40.731540603019702 ], [ -73.961675903171198, 40.731489515168398 ], [ -73.961991937812996, 40.731474827310102 ], [ -73.961999439073793, 40.7315015147609 ] ] ], [ [ [ -73.960673482341704, 40.744059479969103 ], [ -73.960650072891596, 40.744138581240797 ], [ -73.960518761863995, 40.744113605210202 ], [ -73.960570003776198, 40.744037930697601 ], [ -73.960673482341704, 40.744059479969103 ] ] ], [ [ [ -73.964584621554707, 40.7464626651199 ], [ -73.964588461284507, 40.746524163003002 ], [ -73.964546619205606, 40.7465724149423 ], [ -73.964476873839004, 40.746649097684603 ], [ -73.964375874955394, 40.746712795145903 ], [ -73.964339023941093, 40.746743112691398 ], [ -73.964273999225895, 40.746759572599601 ], [ -73.964217604014607, 40.746845265365302 ], [ -73.9641612400589, 40.746873811901402 ], [ -73.964126582023994, 40.746854025144501 ], [ -73.964135266498005, 40.746821060697897 ], [ -73.964213361806898, 40.7466749413041 ], [ -73.964213741132596, 40.746612582463001 ], [ -73.964275084715993, 40.746550109026899 ], [ -73.964338730435998, 40.7465539910662 ], [ -73.964379090604197, 40.746503352500298 ], [ -73.964446664764907, 40.746418689703297 ], [ -73.964584621554707, 40.7464626651199 ] ] ] ] } }
]
}
